-- MySQL dump 10.13  Distrib 5.5.43, for debian-linux-gnu (i686)
--
-- Host: localhost    Database: goods
-- ------------------------------------------------------
-- Server version	5.5.43-0ubuntu0.14.04.1

/*!40101 SET @OLD_CHARACTER_SET_CLIENT=@@CHARACTER_SET_CLIENT */;
/*!40101 SET @OLD_CHARACTER_SET_RESULTS=@@CHARACTER_SET_RESULTS */;
/*!40101 SET @OLD_COLLATION_CONNECTION=@@COLLATION_CONNECTION */;
/*!40101 SET NAMES utf8 */;
/*!40103 SET @OLD_TIME_ZONE=@@TIME_ZONE */;
/*!40103 SET TIME_ZONE='+00:00' */;
/*!40014 SET @OLD_UNIQUE_CHECKS=@@UNIQUE_CHECKS, UNIQUE_CHECKS=0 */;
/*!40014 SET @OLD_FOREIGN_KEY_CHECKS=@@FOREIGN_KEY_CHECKS, FOREIGN_KEY_CHECKS=0 */;
/*!40101 SET @OLD_SQL_MODE=@@SQL_MODE, SQL_MODE='NO_AUTO_VALUE_ON_ZERO' */;
/*!40111 SET @OLD_SQL_NOTES=@@SQL_NOTES, SQL_NOTES=0 */;

--
-- Table structure for table `t_admin`
--

DROP TABLE IF EXISTS `t_admin`;
/*!40101 SET @saved_cs_client     = @@character_set_client */;
/*!40101 SET character_set_client = utf8 */;
CREATE TABLE `t_admin` (
  `adminId` char(32) NOT NULL,
  `adminname` varchar(50) DEFAULT NULL,
  `adminpwd` varchar(50) DEFAULT NULL,
  PRIMARY KEY (`adminId`)
) ENGINE=InnoDB DEFAULT CHARSET=utf8;
/*!40101 SET character_set_client = @saved_cs_client */;

--
-- Dumping data for table `t_admin`
--

LOCK TABLES `t_admin` WRITE;
/*!40000 ALTER TABLE `t_admin` DISABLE KEYS */;
INSERT INTO `t_admin` VALUES ('a1','liuBei','123'),('a2','guanYu','123'),('a3','zhangSanFei','123');
/*!40000 ALTER TABLE `t_admin` ENABLE KEYS */;
UNLOCK TABLES;

--
-- Table structure for table `t_book`
--

DROP TABLE IF EXISTS `t_book`;
/*!40101 SET @saved_cs_client     = @@character_set_client */;
/*!40101 SET character_set_client = utf8 */;
CREATE TABLE `t_book` (
  `bid` char(32) NOT NULL,
  `bname` varchar(200) DEFAULT NULL,
  `author` varchar(50) DEFAULT NULL,
  `price` decimal(8,2) DEFAULT NULL,
  `currPrice` decimal(8,2) DEFAULT NULL,
  `discount` decimal(3,1) DEFAULT NULL,
  `press` varchar(100) DEFAULT NULL,
  `publishtime` char(10) DEFAULT NULL,
  `edition` int(11) DEFAULT NULL,
  `pageNum` int(11) DEFAULT NULL,
  `wordNum` int(11) DEFAULT NULL,
  `printtime` char(10) DEFAULT NULL,
  `booksize` int(11) DEFAULT NULL,
  `paper` varchar(50) DEFAULT NULL,
  `cid` char(32) DEFAULT NULL,
  `image_w` varchar(100) DEFAULT NULL,
  `image_b` varchar(100) DEFAULT NULL,
  `orderBy` int(11) NOT NULL AUTO_INCREMENT,
  PRIMARY KEY (`bid`),
  KEY `orderBy` (`orderBy`),
  KEY `FK_t_book_t_category` (`cid`),
  CONSTRAINT `FK_t_book_t_category` FOREIGN KEY (`cid`) REFERENCES `t_category` (`cid`)
) ENGINE=InnoDB AUTO_INCREMENT=104 DEFAULT CHARSET=utf8;
/*!40101 SET character_set_client = @saved_cs_client */;

--
-- Dumping data for table `t_book`
--

LOCK TABLES `t_book` WRITE;
/*!40000 ALTER TABLE `t_book` DISABLE KEYS */;
INSERT INTO `t_book` VALUES ('000A18FDB38F470DBE9CD0972BADB23F','Java Web整合开发实战--基于Struts 2+Hibernate+Spring（99个应用实例，4个项目开发案例，15.5小时配套教学视频，超值DVD光盘含大量开发资源。一本书搞定SSH框架整合开发！）','贾蓓',79.80,55.10,6.9,'清华大学出版社','2013-7-1',1,640,1030000,'2013-7-1',16,'胶版纸','5F79D0D246AD4216AC04E9C5FAB3199E','book_img/23268958-1_w.jpg','book_img/23268958-1_b.jpg',16),('0BE0707984014E66BD9F34F534FCE0F7','OSGi实战【OSGi规范制定者亲自撰写 汇集Apache项目技术实战经验】','Richard',99.00,68.30,6.9,'人民邮电出版社','2013-1-1',1,468,721000,'2013-1-1',16,'胶版纸','5F79D0D246AD4216AC04E9C5FAB3199E','book_img/22938396-1_w.jpg','book_img/22938396-1_b.jpg',58),('0EE8A0AE69154287A378FB110FF2C780','Java核心技术：卷Ⅰ基础知识（原书第8版）','昊斯特曼',98.00,67.60,6.9,'机械工业出版社','2008-6-1',1,694,0,'2008-6-1',16,'胶版纸','5F79D0D246AD4216AC04E9C5FAB3199E','book_img/20285763-1_w.jpg','book_img/20285763-1_b.jpg',12),('113D0D1BB9174DD19A7DE7E2B37F677F','Java7入门经典（跟编程导师Ivor Horton学Java 预计到货日期9月初）','霍尔顿',118.00,81.40,6.9,'清华大学出版社','2012-8-1',1,1124,1918000,'2012-8-1',16,'胶版纸','5F79D0D246AD4216AC04E9C5FAB3199E','book_img/22813026-1_w.jpg','book_img/22813026-1_b.jpg',94),('1286B13F0EA54E4CB75434762121486A','Java核心技术 卷I：基础知识(第9版·英文版)(上、下册)','霍斯特曼',109.00,75.20,6.9,'人民邮电出版社','2013-7-1',1,0,1197000,'2013-7-1',16,'胶版纸','5F79D0D246AD4216AC04E9C5FAB3199E','book_img/23280479-1_w.jpg','book_img/23280479-1_b.jpg',65),('13EBF9B1FDE346A683A1C45BD6773ECB','Java开发实战1200例（第Ⅱ卷）（史上最全的“编程实例”类图书，代码分析、实例速查、练习巩固的绝好帮手）','无',99.00,68.30,6.9,'清华大学出版社','0',1,0,1754000,'2011-6-1',16,'胶版纸','5F79D0D246AD4216AC04E9C5FAB3199E','book_img/21110930-1_w_1.jpg','book_img/21110930-1_b.jpg',83),('1A15DC5E8A014A58862ED741D579B530','Java深入解析——透析Java本质的36个话题','梁勇',49.00,33.80,6.9,'电子工业出版社','2013-11-1',1,298,424000,'2013-11-1',16,'胶版纸','5F79D0D246AD4216AC04E9C5FAB3199E','book_img/23363997-1_w_1.jpg','book_img/23363997-1_b.jpg',86),('210A3DCA429049C78B623C3986BEB136','JavaScript经典教程套装：JavaScript高级程序设计(第3版)+JavaScript DOM编程艺术(第2版)(套装共2册)(超值附赠《码农》光盘1张)','Nicholas C. Zakas',148.00,88.80,6.0,'人民邮电出版社','2013-4-1',1,1048,0,'2013-4-1',16,'胶版纸','5F79D0D246AD4216AC04E9C5FAB3199E','book_img/23224089-1_w.jpg','book_img/23224089-1_b.jpg',93),('22234CECF15F4ECB813F0B433DDA5365','JavaScript从入门到精通（附光盘1张）（连续8月JavaScript类全国零售排行前2名，13小时视频，400个经典实例、369项面试真题、138项测试史上最全资源库）','明日科技',69.80,48.20,6.9,'清华大学出版社','2012-9-1',1,532,939000,'2012-9-1',16,'胶版纸','5F79D0D246AD4216AC04E9C5FAB3199E','book_img/22862057-1_w.jpg','book_img/22862057-1_b.jpg',20),('230A00EC22BF4A1DBA87C64800B54C8D','Struts2技术内幕：深入解析Struts架构设计与实现原理','陆舟',69.00,47.60,6.9,'机械工业出版社','2012-1-1',1,379,0,'2012-1-1',16,'胶版纸','5F79D0D246AD4216AC04E9C5FAB3199E','book_img/22577578-1_w.jpg','book_img/22577578-1_b.jpg',56),('260F8A3594F741C1B0EB69616F65045B','Tomcat与Java Web开发技术详解（第2版）(含光盘1张)','孙卫琴',79.50,54.90,6.9,'电子工业出版社','2009-1-1',1,734,1216000,'2009-1-1',16,'胶版纸','5F79D0D246AD4216AC04E9C5FAB3199E','book_img/20420983-1_w.jpg','book_img/20420983-1_b.jpg',74),('28A03D28BAD449659A77330BE35FCD65','JAVA核心技术卷II：高级特性（原书第8版）','霍斯特曼',118.00,81.40,6.9,'机械工业出版社','2008-12-1',1,852,0,'2008-12-1',16,'胶版纸','5F79D0D246AD4216AC04E9C5FAB3199E','book_img/20446562-1_w.jpg','book_img/20446562-1_b.jpg',18),('2EE1A20A6AF742E387E18619D7E3BB94','Java虚拟机并发编程(Java并发编程领域的里程碑之作，资深Java技术专家、并发编程专家、敏捷开发专家和Jolt大奖得主撰写，Amazon五星畅销书)','Venkat Subramaniam',59.00,40.70,6.9,'机械工业出版社','2013-5-1',1,215,0,'2013-5-1',16,'胶版纸','5F79D0D246AD4216AC04E9C5FAB3199E','book_img/23239786-1_w.jpg','book_img/23239786-1_b.jpg',54),('33ACF97A9A374352AE9F5E89BB791262','基于MVC的JavaScript Web富应用开发','麦卡劳',59.00,40.70,6.9,'电子工业出版社','2012-5-1',1,282,462000,'2012-5-1',16,'胶版纸','5F79D0D246AD4216AC04E9C5FAB3199E','book_img/22757564-1_w.jpg','book_img/22757564-1_b.jpg',34),('37F75BEAE1FE46F2B14674923F1E7987','数据结构与算法分析Java语言描述 第2版','韦斯',55.00,38.00,6.9,'机械工业出版社','2009-1-1',2,440,0,'2009-1-1',16,'胶版纸','5F79D0D246AD4216AC04E9C5FAB3199E','book_img/20417467-1_w.jpg','book_img/20417467-1_b.jpg',32),('39F1D0803E8F4592AE1245CACE683214','Java程序员修炼之道','埃文斯',89.00,61.40,6.9,'人民邮电出版社','2013-8-1',1,395,658000,'2013-8-1',16,'胶版纸','5F79D0D246AD4216AC04E9C5FAB3199E','book_img/23301847-1_w_1.jpg','book_img/23301847-1_b.jpg',36),('3AE5C8B976B6448A9D3A155C1BDE12BC','深入理解Java虚拟机:JVM高级特性与最佳实践（超级畅销书，6个月5次印刷，从实践角度解析JVM工作原理，Java程序员必备）','周志明',69.00,47.60,6.9,'机械工业出版社','0',1,0,0,'2011-7-1',16,'胶版纸','5F79D0D246AD4216AC04E9C5FAB3199E','book_img/21108671-1_w_1.jpg','book_img/21108671-1_b.jpg',66),('3DD187217BF44A99B86DD18A4DC628BA','Java核心技术 卷1 基础知识（原书第9版）','霍斯特曼，科内尔',119.00,82.10,6.9,'机械工业出版社','2014-1-1',1,704,0,'2014-1-1',16,'胶版纸','5F79D0D246AD4216AC04E9C5FAB3199E','book_img/23362142-1_w_1.jpg','book_img/23362142-1_b.jpg',9),('3E1990E19989422E9DA735978CB1E4CE','Effective Java中文版(第2版)','布洛克',52.00,35.90,6.9,'机械工业出版社','2009-1-1',2,287,0,'2009-1-1',16,'胶版纸','5F79D0D246AD4216AC04E9C5FAB3199E','book_img/20459091-1_w.jpg','book_img/20459091-1_b.jpg',25),('400D94DE5A0742B3A618FC76DF107183','JavaScript宝典（第7版）（配光盘）','古德曼',128.00,88.30,6.9,'清华大学出版社','2013-1-1',1,1012,1657000,'2013-1-1',32,'胶版纸','5F79D0D246AD4216AC04E9C5FAB3199E','book_img/23169892-1_w.jpg','book_img/23169892-1_b.jpg',88),('4491EA4832E04B8B94F334B71E871983','Java语言程序设计：进阶篇（原书第8版）','梁勇',79.00,54.50,6.9,'机械工业出版社','2011-6-1',1,507,0,'2011-6-1',16,'胶版纸','5F79D0D246AD4216AC04E9C5FAB3199E','book_img/21117631-1_w_1.jpg','book_img/21117631-1_b.jpg',48),('464655D871FC4F29A7C713E299F48EDB','test22','Craig Walls',59.00,40.70,6.9,'人民邮电出版社','2013-6-1',1,374,48700,'2013-6-1',16,'胶版纸','C3F9FAAF4EA64857ACFAB0D9C8D0E446','book_img/C9D3F1B0561B42F1B73D53651D4867B6_20221927-1_w.jpg','book_img/6EF46057FA1446EC845AC4A2F9BF6D3B_20221927-1_b_0.jpg',97),('48BBFBFC07074ADE8CC906A45BE5D9A6','JavaScript权威指南（第6版）（淘宝前端团队倾情翻译！经典权威的JavaScript犀牛书！第6版特别涵盖了HTML5和ECMAScript5！）（经典巨著，当当独家首发）','弗兰纳根',139.00,95.30,6.9,'机械工业出版社','2012-4-1',1,1004,0,'2012-4-1',16,'胶版纸','5F79D0D246AD4216AC04E9C5FAB3199E','book_img/22722790-1_w.jpg','book_img/22722790-1_b.jpg',4),('49D98E7916B94232862F7DCD1B0BAB66','HTML5+JavaScript动画基础','兰贝塔',69.00,47.60,6.9,'人民邮电出版社','2013-6-1',1,393,553000,'2013-6-1',16,'胶版纸','5F79D0D246AD4216AC04E9C5FAB3199E','book_img/23266633-1_w.jpg','book_img/23266633-1_b.jpg',51),('4A9574F03A6B40C1B2A437237C17DEEC','Spring实战(第3版)（In Action系列中最畅销的Spring图书，近十万读者学习Spring的共同选择）','Craig Walls',59.00,40.70,6.9,'人民邮电出版社','2013-6-1',1,374,487000,'2013-6-1',16,'胶版纸','5F79D0D246AD4216AC04E9C5FAB3199E','book_img/23254532-1_w.jpg','book_img/23254532-1_b.jpg',11),('4BF6D97DD18A4B77B8DED9B057577F8F','Java Web从入门到精通（附光盘1张）（连续8月Java类全国零售排行前2名，27小时视频，951个经典实例、369项面试真题、596项测试史上最全资源库）','明日科技',69.80,48.20,6.9,'清华大学出版社','2012-9-1',1,547,979000,'2012-9-1',16,'胶版纸','5F79D0D246AD4216AC04E9C5FAB3199E','book_img/22862056-1_w.jpg','book_img/22862056-1_b.jpg',23),('4C3331CAD5A5453787A94B8D7CCEAA29','Java Web整合开发王者归来（JSP+Servlet+Struts+Hibernate+Spring）（配光盘','刘京华',99.80,68.90,6.9,'清华大学出版社','2010-1-1',1,1010,1368000,'2010-1-1',16,'胶版纸','5F79D0D246AD4216AC04E9C5FAB3199E','book_img/20756351-1_w_1.jpg','book_img/20756351-1_b_1.jpg',17),('4D20D2450B084113A331D909FF4975EB','jQuery实战(第2版)(畅销书升级版，掌握Web开发利器必修宝典)','Bear Bibeault　Yehuda Katz ',69.00,47.60,6.9,'人民邮电出版社','2012-3-1',1,394,617000,'2012-3-1',16,'胶版纸','5F79D0D246AD4216AC04E9C5FAB3199E','book_img/22638286-1_w.jpg','book_img/22638286-1_b.jpg',79),('4E44405DAFB7413E8A13BBFFBEE73AC7','JavaScript经典实例','鲍尔斯',78.00,53.80,6.9,'中国电力出版社','2012-3-1',1,512,625000,'2012-3-1',16,'胶版纸','5F79D0D246AD4216AC04E9C5FAB3199E','book_img/22692811-1_w.jpg','book_img/22692811-1_b.jpg',68),('504FB999B0444B339907090927FDBE8A','深入浅出Ext JS(第3版)','徐会生',69.00,47.60,6.9,'人民邮电出版社','2013-10-1',3,413,642000,'2013-10-1',16,'胶版纸','5F79D0D246AD4216AC04E9C5FAB3199E','book_img/23351049-1_w_1.jpg','book_img/23351049-1_b.jpg',71),('52077C8423B645A9BADA96A5E0B14422','Spring源码深度解析','郝佳',69.00,47.60,6.9,'人民邮电出版社','2013-9-1',1,386,545000,'2013-8-30',16,'胶版纸','5F79D0D246AD4216AC04E9C5FAB3199E','book_img/23329703-1_w_1.jpg','book_img/23329703-1_b.jpg',52),('52B0EDFF966E4A058BDA5B18EEC698C4','亮剑Java Web项目开发案例导航(含DVD光盘1张)','朱雪琴',69.00,41.40,6.0,'电子工业出版社','2012-3-1',1,526,875000,'2012-3-1',16,'胶版纸','5F79D0D246AD4216AC04E9C5FAB3199E','book_img/22623766-1_w.jpg','book_img/22623766-1_b.jpg',81),('5315DA60D24042889400AD4C93A37501','Spring 3.x企业应用开发实战(含CD光盘1张)','陈雄华',90.00,62.10,6.9,'电子工业出版社','2012-2-1',1,710,1158000,'2012-2-1',16,'胶版纸','5F79D0D246AD4216AC04E9C5FAB3199E','book_img/22605701-1_w.jpg','book_img/22605701-1_b.jpg',24),('56B1B7D8CD8740B098677C7216A673C4','疯狂 Java 程序员的基本修养（《疯狂Java讲义》最佳拍档，扫清知识死角，夯实基本功）','李刚',59.00,40.70,6.9,'电子工业出版社','2013-1-1',1,484,7710000,'2013-1-1',16,'胶版纸','5F79D0D246AD4216AC04E9C5FAB3199E','book_img/23042420-1_w.jpg','book_img/23042420-1_b.jpg',89),('57B6FF1B89C843C38BA39C717FA557D6','了不起的Node.js: 将JavaScript进行到底（Web开发首选实时 跨多服务器 高并发）','Guillermo Rauch',79.00,54.50,6.9,'电子工业出版社','2014-1-1',1,292,436000,'2014-1-1',16,'胶版纸','5F79D0D246AD4216AC04E9C5FAB3199E','book_img/23368351-1_w_2.jpg','book_img/23368351-1_b.jpg',8),('5C4A6F0F4A3B4672AD8C5F89BF5D37D2','Java从入门到精通（第3版）（附光盘1张）（连续8月Java类全国零售排行前2名，32小时视频，732个经典实例、369项面试真题、616项测试史上最全资源库）','明日科技',59.80,41.30,6.9,'清华大学出版社','2012-9-1',3,564,1013000,'2012-9-1',16,'胶版纸','5F79D0D246AD4216AC04E9C5FAB3199E','book_img/22862060-1_w.jpg','book_img/22862060-1_b.jpg',1),('5C68141786B84A4CB8929A2415040739','JavaScript高级程序设计(第3版)(JavaScript技术名著，国内JavasScript第一书，销量超过8万册)','Nicholas C. Zakas',99.00,68.30,6.9,'人民邮电出版社','2012-3-1',1,730,1092000,'2012-3-1',16,'胶版纸','5F79D0D246AD4216AC04E9C5FAB3199E','book_img/22628333-1_w.jpg','book_img/22628333-1_b.jpg',5),('5EDB981339C342ED8DB17D5A198D50DC','Java程序性能优化','葛一鸣',59.00,40.70,6.9,'清华大学出版社','2012-10-1',1,400,649000,'2012-10-1',16,'胶版纸','5F79D0D246AD4216AC04E9C5FAB3199E','book_img/22881618-1_w.jpg','book_img/22881618-1_b.jpg',27),('6398A7BA400D40258796BCBB2B256068','JavaScript设计模式','Addy Osmani',49.00,33.80,6.9,'人民邮电出版社','2013-6-1',1,241,301000,'2013-6-1',16,'胶版纸','5F79D0D246AD4216AC04E9C5FAB3199E','book_img/23266635-1_w.jpg','book_img/23266635-1_b.jpg',40),('676B56A612AF4E968CF0F6FFE289269D','JavaScript和jQuery实战手册（原书第2版）','麦克法兰',99.00,68.30,6.9,'机械工业出版社','2013-3-11',1,504,0,'2013-3-1',16,'胶版纸','5F79D0D246AD4216AC04E9C5FAB3199E','book_img/23201813-1_w.jpg','book_img/23201813-1_b.jpg',42),('7917F5B19A0948FD9551932909328E4E','Java项目开发案例全程实录（第2版）（配光盘）（软件项目开发全程实录丛书）','明日科技',69.80,48.20,6.9,'清华大学出版社','2011-1-1',2,605,1037000,'2011-1-1',16,'胶版纸','5F79D0D246AD4216AC04E9C5FAB3199E','book_img/20991549-1_w_1.jpg','book_img/20991549-1_b.jpg',64),('7C0C785FFBEC4DEC802FA36E8B0BC87E','深入分析Java Web技术内幕','许令波',69.00,47.60,6.9,'电子工业出版社','2012-9-1',1,442,746000,'2012-9-1',16,'胶版纸','5F79D0D246AD4216AC04E9C5FAB3199E','book_img/22881803-1_w.jpg','book_img/22881803-1_b.jpg',50),('7CD79C20258F477AB841518D9312E843','Java程序员面试宝典（第三版）','欧立奇',49.00,33.80,6.9,'电子工业出版社','2013-9-1',1,359,446400,'2013-9-1',16,'胶版纸','5F79D0D246AD4216AC04E9C5FAB3199E','book_img/23348683-1_w_1.jpg','book_img/23348683-1_b.jpg',44),('7D7FE81293124793BDB2C6FF1F1C943D','21天学通Java(第6版)（中文版累计销量超30000册）','Rogers Cadenhead',55.00,38.00,6.9,'人民邮电出版社','2013-4-1',1,410,781000,'2013-4-1',16,'胶版纸','5F79D0D246AD4216AC04E9C5FAB3199E','book_img/23219731-1_w.jpg','book_img/23219731-1_b.jpg',46),('7FD7F50B15F74248AA769798909F8653','Java网络编程（第3版）——O’Reilly Java系列','哈诺德',85.00,51.00,6.0,'中国电力出版社','2005-11-1',1,718,668000,'2005-11-1',16,'胶版纸','5F79D0D246AD4216AC04E9C5FAB3199E','book_img/9062293-1_w.jpg','book_img/9062293-1_b.jpg',35),('819FF56E4423462394E6F83882F78975','学通Java Web的24堂课（配光盘）（软件开发羊皮卷）','陈丹丹',79.80,55.10,6.9,'清华大学出版社','2011-6-1',1,718,1488000,'2011-6-1',16,'胶版纸','5F79D0D246AD4216AC04E9C5FAB3199E','book_img/21118835-1_w_1.jpg','book_img/21118835-1_b.jpg',91),('81FADA99309342F4978D5C680B0C6E8C','Java入门很简单（配光盘）（入门很简单丛书）（打开Java编程之门 Java技术网推荐）','李世民',59.80,41.30,6.9,'清华大学出版社','2012-8-1',1,459,745000,'2012-8-1',16,'胶版纸','5F79D0D246AD4216AC04E9C5FAB3199E','book_img/22839309-1_w.jpg','book_img/22839309-1_b.jpg',85),('89A57D099EA14026A5C3D10CFC10C22C','Java 2实用教程（第4版）（21世纪高等学校计算机基础实用规划教材）','耿祥义',39.50,31.60,8.0,'清华大学出版社','2012-8-1',4,479,782000,'2012-8-1',16,'胶版纸','5F79D0D246AD4216AC04E9C5FAB3199E','book_img/22844118-1_w.jpg','book_img/22844118-1_b.jpg',73),('8A5B4042D5B14D6B87A34DABF327387F','Java核心技术 卷II：高级特性(第9版·英文版)(上、下册)','霍斯特曼',119.00,82.10,6.9,'人民邮电出版社','2013-7-1',1,1118,1370000,'2013-7-1',16,'胶版纸','5F79D0D246AD4216AC04E9C5FAB3199E','book_img/23280478-1_w.jpg','book_img/23280478-1_b.jpg',57),('8DD0ADF2665B40899E09ED2983DC3F7B','jQuery权威指南（被公认的权威的、易学的jQuery实战教程，多次重印，热销中）','陶国荣',59.00,40.70,6.9,'机械工业出版社','2011-1-1',1,385,0,'2011-1-1',16,'胶版纸','5F79D0D246AD4216AC04E9C5FAB3199E','book_img/21006995-1_w_1.jpg','book_img/21006995-1_b.jpg',75),('8E16D59BA4C34374A68029AE877613C4','轻量级Java EE企业应用实战（第3版）：Struts 2＋Spring 3＋Hibernate整合开发(含CD光盘1张)','李刚',99.00,68.30,6.9,'电子工业出版社','2012-4-1',1,816,1440000,'2012-4-1',16,'胶版纸','5F79D0D246AD4216AC04E9C5FAB3199E','book_img/22685703-1_w.jpg','book_img/22685703-1_b.jpg',6),('8F1520F2CED94C679433B9C109E791CB','Java从入门到精通（实例版）（附光盘1张）（连续8月Java类全国零售排行前2名，14小时视频，732个经典实例、369项面试真题、616项测试史上最全资源库）','明日科技',69.80,47.60,6.9,'清华大学出版社','2012-9-1',1,548,986000,'2012-9-1',16,'胶版纸','5F79D0D246AD4216AC04E9C5FAB3199E','book_img/22862061-1_w.jpg','book_img/22862061-1_b.jpg',49),('90E423DBE56042838806673DB3E86BD3','《Spring技术内幕（第2版）》（畅销书全新升级，Spring类图书销量桂冠，从宏观和微观两个角度解析Spring架构设计和实现原理）','计文柯',69.00,47.60,6.9,'机械工业出版社','2012-2-1',2,399,0,'2012-2-1',16,'胶版纸','5F79D0D246AD4216AC04E9C5FAB3199E','book_img/22606836-1_w.jpg','book_img/22606836-1_b.jpg',45),('926B8F31C5D04F61A72F66679A0CCFFD','JavaScript编程精解（华章程序员书库）（JavaScript之父高度评价并强力推荐，系统学习JS首选！）','哈弗贝克',49.00,33.80,6.9,'械工业出版社','2012-9-1',1,162,0,'2012-9-1',16,'胶版纸','5F79D0D246AD4216AC04E9C5FAB3199E','book_img/22873894-1_w.jpg','book_img/22873894-1_b.jpg',70),('95AACC68D64D4D67B1E33E9EAC22B885','Head First Java（中文版）（JAVA经典畅销书 生动有趣 轻松学好JAVA）','塞若',79.00,47.40,6.0,'中国电力出版社','2007-2-1',1,689,983000,'2001-7-2',16,'胶版纸','5F79D0D246AD4216AC04E9C5FAB3199E','book_img/9265169-1_w.jpg','book_img/9265169-1_b.jpg',13),('97437DAD03FA456AA7D6154614A43B55','HTML、CSS、JavaScript网页制作从入门到精通（两万读者的选择，经久不衰的超级畅销书最新升级版！网页制作学习者入门必读经典！）','刘西杰',49.00,32.90,6.7,'人民邮电出版社','2012-12-24',1,450,705000,'2012-12-24',16,'胶版纸','5F79D0D246AD4216AC04E9C5FAB3199E','book_img/22928649-1_w.jpg','book_img/22928649-1_b.jpg',3),('9923901FBF124623BC707920D8936BC8','JavaScript DOM编程艺术(第2版)','基思',49.00,33.80,6.9,'人民邮电出版社','2011-4-1',1,286,443000,'2011-4-1',16,'胶版纸','5F79D0D246AD4216AC04E9C5FAB3199E','book_img/21049601-1_w_1.jpg','book_img/21049601-1_b.jpg',28),('99BF63AC12AD48FCB673F1820888964E','Java Web开发实战1200例（第Ⅱ卷）（史上最全的“编程实例”类图书，代码分析、实例速查、练习巩固的绝好帮手）','无',99.00,67.40,6.8,'清华大学出版社','0',0,0,1746000,'2011-6-1',16,'胶版纸','5F79D0D246AD4216AC04E9C5FAB3199E','book_img/21110929-1_w_1.jpg','book_img/21110929-1_b.jpg',78),('9D257176A6934CB79427CEC37E69249F','疯狂Ajax讲义（第3版）--jQuery/Ext JS/Prototype/DWR企业应用前端开发实战(含CD光盘1张)（畅销书升级版，企业应用前端开发实战指南）','李刚',79.00,54.50,6.9,'电子工业出版社','2013-2-1',1,624,997000,'2013-2-1',16,'胶版纸','5F79D0D246AD4216AC04E9C5FAB3199E','book_img/23184673-1_w.jpg','book_img/23184673-1_b.jpg',53),('9FBD51A7C02D4F5B9862CD2EBBF5CA04','Flash ActionScript 3.0全站互动设计','刘欢 ',69.80,48.20,6.9,'人民邮电出版社','2012-10-1',1,488,760000,'2012-10-1',16,'胶版纸','5F79D0D246AD4216AC04E9C5FAB3199E','book_img/22886581-1_w.jpg','book_img/22886581-1_b.jpg',96),('9FF423101836438F874035A48498CF45','Java编程思想（英文版·第4版）','埃克尔 ',79.00,54.50,6.9,'机械工业出版社','2007-4-1',1,1482,0,'2007-4-1',16,'胶版纸','5F79D0D246AD4216AC04E9C5FAB3199E','book_img/9288920-1_w.jpg','book_img/9288920-1_b.jpg',31),('A3D464D1D1344ED5983920B472826730','Java Web开发详解：XML+DTD+XML Schema+XSLT+Servlet 3 0+JSP 2 2深入剖析与实例应用(含CD光盘1张)','孙鑫',119.00,61.30,5.2,'电子工业出版社','2012-5-1',1,889,1760000,'2012-5-1',16,'胶版纸','5F79D0D246AD4216AC04E9C5FAB3199E','book_img/22788412-1_w.jpg','book_img/22788412-1_b.jpg',60),('A46A0F48A4F649AE9008B38EA48FAEBA','Java编程全能词典(含DVD光盘2张)','明日科技',98.00,65.70,6.7,'电子工业出版社','2010-3-1',1,486,496000,'2010-3-1',32,'胶版纸','5F79D0D246AD4216AC04E9C5FAB3199E','book_img/20813806-1_w_1.jpg','book_img/20813806-1_b.jpg',90),('A5A6F27DCD174614850B26633A0B4605','JavaScript模式','斯特凡洛夫',38.00,22.80,6.0,'中国电力出版社','2012-7-1',1,208,253000,'2012-7-1',16,'胶版纸','5F79D0D246AD4216AC04E9C5FAB3199E','book_img/22819430-1_w.jpg','book_img/22819430-1_b.jpg',61),('A7220EF174704012830E066FDFAAD4AD','Spring 3.0就这么简单（国内原创的Java敏捷开发图书，展现作者Spring原创开源项目ROP开发的全过程，所有项目工程均以Maven组织）','陈雄华',59.00,40.70,6.9,'人民邮电出版社','2013-1-1',1,380,530000,'2013-1-1',16,'胶版纸','5F79D0D246AD4216AC04E9C5FAB3199E','book_img/22938474-1_w.jpg','book_img/22938474-1_b.jpg',77),('A7EFD99367C9434682A790635D3C5FDF','Java Web技术整合应用与项目实战（JSP+Servlet+Struts2+Hibernate+Spring3）','张志锋',98.00,67.60,6.9,'清华大学出版社','2013-6-1',1,878,0,'2013-6-1',16,'胶版纸','5F79D0D246AD4216AC04E9C5FAB3199E','book_img/23266270-1_w.jpg','book_img/23266270-1_b.jpg',92),('A8EF76FD21A645109538614DEA85F3F7','Java语言程序设计：基础篇（原书第8版）','梁勇',75.00,51.80,6.9,'机械工业出版社','2011-6-1',1,586,0,'2011-6-1',16,'胶版纸','5F79D0D246AD4216AC04E9C5FAB3199E','book_img/21122188-1_w_1.jpg','book_img/21122188-1_b.jpg',30),('AD6EA79CCB8240AAAF5B292AD7E5DCAA','jQuery Mobile权威指南（根据jQuery Mobile最新版本撰写的权威参考书！全面讲解jQuery Mobile的所有功能、特性、使用方法和开发技巧）','陶国荣',59.00,40.70,6.9,'机械工业出版社','2012-8-1',1,249,0,'2012-8-1',16,'胶版纸','5F79D0D246AD4216AC04E9C5FAB3199E','book_img/22847009-1_w.jpg','book_img/22847009-1_b.jpg',38),('AE0935F13A214436B8599DE285A86220','JavaScript基础教程(第8版)(经典JavaScript入门书 涵盖Ajax和jQuery)','Tom Negrino　Dori Smith',69.00,47.60,6.9,'人民邮电出版社','2012-4-1',1,392,694000,'2012-4-1',16,'胶版纸','5F79D0D246AD4216AC04E9C5FAB3199E','book_img/22717349-1_w.jpg','book_img/22717349-1_b.jpg',37),('AF28ED8F692C4288B32CF411CBDBFC23','经典Java EE企业应用实战——基于WebLogic/JBoss的JSF+EJB 3+JPA整合开发(含CD光盘1张)','无',79.00,54.50,6.9,'电子工业出版社','2010-8-1',1,0,0,'2010-8-1',16,'胶版纸','5F79D0D246AD4216AC04E9C5FAB3199E','book_img/20928547-1_w_1.jpg','book_img/20928547-1_b.jpg',55),('B329A14DDEF8455F82B3FDF25821D2BB','名师讲坛——Java Web开发实战经典基础篇（JSP、Servlet、Struts、Ajax）（32小时全真课堂培训，视频超级给力！390项实例及分析，北京魔乐科技培训中心Java Web全部精华）','李兴华',69.80,48.20,6.9,'清华大学出版社','2010-8-1',1,554,819000,'2010-8-1',16,'胶版纸','5F79D0D246AD4216AC04E9C5FAB3199E','book_img/20915948-1_w_3.jpg','book_img/20915948-1_b.jpg',22),('B7A7DA7A94E54054841EED1F70C3027C','锋利的jQuery(第2版)(畅销书升级版，增加jQuery Mobile和性能优化)','单东林',49.00,33.80,6.9,'人民邮电出版社','2012-7-1',2,380,598000,'2012-7-1',16,'胶版纸','5F79D0D246AD4216AC04E9C5FAB3199E','book_img/22786088-1_w.jpg','book_img/22786088-1_b.jpg',10),('BD1CB005E4A04DCA881DA8689E21D4D0','jQuery UI开发指南','Eric Sarrion',39.00,26.90,6.9,'人民邮电出版社','2012-12-1',1,212,286000,'2012-12-1',16,'胶版纸','5F79D0D246AD4216AC04E9C5FAB3199E','book_img/22910975-1_w.jpg','book_img/22910975-1_b.jpg',63),('C23E6E8A6DB94E27B6E2ABD39DC21AF5','JavaScript:The Good Parts(影印版）','克罗克福特',28.00,19.30,6.9,'东南大学出版社','2009-1-1',1,153,181000,'2009-1-1',16,'胶版纸','5F79D0D246AD4216AC04E9C5FAB3199E','book_img/20412979-1_w.jpg','book_img/20412979-1_b.jpg',95),('C3CF52B3ED2D4187A16754551488D733','Java从入门到精通（附光盘）','魔乐科技',59.00,35.40,6.0,'人民邮电出版社','2010-4-1',1,519,884000,'2010-4-1',16,'胶版纸','5F79D0D246AD4216AC04E9C5FAB3199E','book_img/20810282-1_w_1.jpg','book_img/20810282-1_b.jpg',29),('C86D3F6FACB449BEBD940D9307ED4A47','编写高质量代码：改善Java程序的151个建议(从语法、程序设计和架构、工具和框架、编码风格、编程思想5个方面探讨编写高质量Java代码的技巧、禁忌和最佳实践)','秦小波',59.00,40.70,6.9,'机械工业出版社','2012-1-1',1,303,0,'2012-1-1',16,'胶版纸','5F79D0D246AD4216AC04E9C5FAB3199E','book_img/22579686-1_w.jpg','book_img/22579686-1_b.jpg',84),('CB0AB3654945411EA69F368D0EA91A00','JavaScript语言精粹（修订版）','道格拉斯·克罗克福德',49.00,39.20,8.0,'电子工业出版社','2012-9-1',1,155,258000,'2012-9-1',16,'胶版纸','5F79D0D246AD4216AC04E9C5FAB3199E','book_img/22872884-1_w.jpg','book_img/22872884-1_b.jpg',33),('CD913617EE964D0DBAF20C60076D32FB','名师讲坛——Java开发实战经典（配光盘）（60小时全真课堂培训，视频超级给力！790项实例及分析，北京魔乐科技培训中心Java全部精华）','李兴华',79.80,55.10,6.9,'清华大学出版社','2009-8-1',1,831,1222000,'2012-8-1',16,'胶版纸','5F79D0D246AD4216AC04E9C5FAB3199E','book_img/20637368-1_w_2.jpg','book_img/20637368-1_b_2.jpg',19),('CE01F15D435A4C51B0AD8202A318DCA7','Java编程思想（第4版）','布鲁斯.艾克尔',108.00,74.50,6.9,'机械工业出版社','2007-6-1',1,880,99,'2007-6-1',0,'胶版纸','5F79D0D246AD4216AC04E9C5FAB3199E','book_img/9317290-1_w.jpg','book_img/9317290-1_b.jpg',2),('CF5546769F2842DABB2EF7A00D51F255','jQuery开发从入门到精通（配套视频327节，中小实例232个，实战案例7个商品详情手册11部，网页模版83类）（附1DVD）','袁江',79.80,55.10,6.9,'清华大学出版社','2013-6-1',1,619,1109000,'2013-6-1',16,'胶版纸','5F79D0D246AD4216AC04E9C5FAB3199E','book_img/23263012-1_w.jpg','book_img/23263012-1_b.jpg',43),('D0DA36CEE42549FFB299B7C7129761D5','Java应用架构设计：模块化模式与OSGi(全球资深Java技术专家的力作，系统、全面地讲解如何将模块化设计思想引入开发中，涵盖18个有助于实现模块化软件架构的模式)','克内恩席尔德',69.00,47.60,6.9,'机械工业出版社','2013-9-1',1,251,0,'2013-9-1',16,'胶版纸','5F79D0D246AD4216AC04E9C5FAB3199E','book_img/23339643-1_w.jpg','book_img/23339643-1_b.jpg',26),('D0E69F85ACAB4C15BB40966E5AA545F1','Java并发编程实战（第16届Jolt大奖提名图书，Java并发编程必读佳作','Brian Goetz',69.00,47.60,6.9,'机械工业出版社','2012-2-1',1,290,0,'2012-2-1',32,'胶版纸','5F79D0D246AD4216AC04E9C5FAB3199E','book_img/22606835-1_w.jpg','book_img/22606835-1_b.jpg',15),('D2ABA8B06C524632846F27C34568F3CE','Java 经典实例','达尔文',98.00,67.60,6.9,'中国电力出版社','2009-2-1',1,784,805000,'2009-2-1',16,'胶版纸','5F79D0D246AD4216AC04E9C5FAB3199E','book_img/20500255-1_w.jpg','book_img/20500255-1_b.jpg',62),('D8723405BA054C13B52357B8F6AEEC24','深入理解Java虚拟机：JVM高级特性与最佳实践（第2版）','周志明',79.00,54.50,6.9,'机械工业出版社','2013-6-1',2,433,0,'2013-6-1',16,'胶版纸','5F79D0D246AD4216AC04E9C5FAB3199E','book_img/23259731-1_w.jpg','book_img/23259731-1_b.jpg',14),('DC36FD53A1514312A0A9ADD53A583886','JavaScript异步编程：设计快速响应的网络应用【掌握JavaScript异步编程必杀技，让代码更具响应度！ 】','Trevor Burnham ',32.00,22.10,6.9,'人民邮电出版社','2013-6-1',1,118,98000,'2013-5-23',32,'胶版纸','5F79D0D246AD4216AC04E9C5FAB3199E','book_img/23252196-1_w.jpg','book_img/23252196-1_b.jpg',72),('DCB64DF0084E486EBF173F729A3A630A','Java设计模式(第2版)','Steven John Metsker',75.00,51.80,6.9,'电子工业出版社','2012-9-1',1,0,0,'2012-9-1',16,'胶版纸','5F79D0D246AD4216AC04E9C5FAB3199E','book_img/22868759-1_w.jpg','book_img/22868759-1_b.jpg',76),('DEE7BDC7E0E343149E3C3601D2658171','疯狂HTML 5/CSS 3/JavaScript讲义(含CD光盘1张)','李刚',69.00,47.60,6.9,'电子工业出版社','2012-5-1',1,500,819000,'2012-5-1',16,'胶版纸','5F79D0D246AD4216AC04E9C5FAB3199E','book_img/22783904-1_w.jpg','book_img/22783904-1_b.jpg',21),('DF4E74EEE89B43229BB8212F0B858C38','精通Hibernate：Java对象持久化技术详解（第2版）(含光盘1张)','孙卫琴',75.00,51.80,6.9,'电子工业出版社','2010-2-1',1,695,1148800,'2010-2-1',16,'胶版纸','5F79D0D246AD4216AC04E9C5FAB3199E','book_img/20773347-1_w_1.jpg','book_img/20773347-1_b.jpg',39),('E4F184188C8B4C7BB32D4E76603426AC','疯狂Java讲义（第2版，附光盘）','李刚',109.00,75.20,6.9,'电子工业出版社','2012-1-1',1,844,1747000,'2012-1-1',16,'胶版纸','5F79D0D246AD4216AC04E9C5FAB3199E','book_img/22588603-1_w.jpg','book_img/22588603-1_b.jpg',7),('EA695342393C4BE48B831FA5E6B0E5C4','编写可维护的JavaScript《JavaScript高级程序设计》作者Nicholas Zakas最新力作，构建编码风格手册，帮助开发团队从“游击队”走向“正规军”）','Nicholas C. Zakas',55.00,38.00,6.9,'人民邮电出版社','2013-4-1',1,227,400000,'2013-4-1',16,'胶版纸','5F79D0D246AD4216AC04E9C5FAB3199E','book_img/23200995-1_w.jpg','book_img/23200995-1_b.jpg',59),('F0E34313BF304CCEBF198BD4E05307B8','jQuery Cookbook中文版（jQuery之父鼎力推荐，社区数十位专家倾情力作','jQuery社区专家组',69.00,47.60,6.9,'人民邮电出版社','2013-5-1',1,425,573000,'2013-5-1',16,'胶版纸','5F79D0D246AD4216AC04E9C5FAB3199E','book_img/23219358-1_w.jpg','book_img/23219358-1_b.jpg',87),('F6162799E913423EA5CB57BEC65AB1E9','JUnit实战(第2版)','塔凯文',79.00,54.50,6.9,'人民邮电出版社','2012-4-1',1,442,640000,'2012-4-1',16,'胶版纸','5F79D0D246AD4216AC04E9C5FAB3199E','book_img/22633574-1_w.jpg','book_img/22633574-1_b.jpg',80),('F693239BC3B3444C8538ABE7411BB38E','Java Web典型模块与项目实战大全（配光盘）','常建功',99.50,68.70,6.9,'清华大学出版社','2011-1-1',1,922,1473000,'2011-1-1',16,'胶版纸','5F79D0D246AD4216AC04E9C5FAB3199E','book_img/20988080-1_w_1.jpg','book_img/20988080-1_b.jpg',41),('F78C94641DB4475BBA1E72A07DF9B3AE','JAVA面向对象编程','孙卫琴 ',65.80,45.40,6.9,'电子工业出版社','2006-7-1',1,625,1030400,'2006-7-1',16,'胶版纸','5F79D0D246AD4216AC04E9C5FAB3199E','book_img/9186890-1_w.jpg','book_img/9186890-1_b.jpg',69),('FC232CD9B6E6411BBBB1A5B781D2C3C9','Java与模式(含盘)（超多实例和习题，详解设计原则与设计模式）','阎宏',88.00,60.70,6.9,'电子工业出版社','2002-10-1',1,1024,16704000,'2002-10-1',16,'胶版纸','5F79D0D246AD4216AC04E9C5FAB3199E','book_img/696673-1_w.jpg','book_img/696673-1_b.jpg',67),('FEC3740CF30E442A94021911A25EF0D7','Spring攻略(第2版)(Spring攻略(第2版))','Gary Mak　Josh Long　Daniel Rubio',128.00,88.30,6.9,'人民邮电出版社','2012-3-1',1,938,1322000,'2012-3-1',16,'胶版纸','5F79D0D246AD4216AC04E9C5FAB3199E','book_img/22623020-1_w.jpg','book_img/22623020-1_b.jpg',82),('FFABBED1E5254BC0B2726EC4ED8ACCDA','深入理解OSGi：Equinox原理、应用与最佳实践（《深入理解Java虚拟机》作者新作！全面解读最新OSGi R5.0规范，深入讲解OSGi原理和服务，以及Equinox框架的用法和原理）','周志明',79.00,54.50,6.9,'机械工业出版社','2013-2-1',1,414,0,'2013-2-1',16,'胶版纸','5F79D0D246AD4216AC04E9C5FAB3199E','book_img/23179003-1_w.jpg','book_img/23179003-1_b.jpg',47);
/*!40000 ALTER TABLE `t_book` ENABLE KEYS */;
UNLOCK TABLES;

--
-- Table structure for table `t_cartitem`
--

DROP TABLE IF EXISTS `t_cartitem`;
/*!40101 SET @saved_cs_client     = @@character_set_client */;
/*!40101 SET character_set_client = utf8 */;
CREATE TABLE `t_cartitem` (
  `cartItemId` char(32) NOT NULL,
  `quantity` int(11) DEFAULT NULL,
  `bid` char(32) DEFAULT NULL,
  `uid` char(32) DEFAULT NULL,
  `orderBy` int(11) NOT NULL AUTO_INCREMENT,
  PRIMARY KEY (`cartItemId`),
  KEY `orderBy` (`orderBy`),
  KEY `FK_t_cartitem_t_user` (`uid`),
  KEY `FK_t_cartitem_t_book` (`bid`),
  CONSTRAINT `FK_t_cartitem_t_book` FOREIGN KEY (`bid`) REFERENCES `t_book` (`bid`),
  CONSTRAINT `FK_t_cartitem_t_user` FOREIGN KEY (`uid`) REFERENCES `t_user` (`uid`)
) ENGINE=InnoDB AUTO_INCREMENT=24 DEFAULT CHARSET=utf8;
/*!40101 SET character_set_client = @saved_cs_client */;

--
-- Dumping data for table `t_cartitem`
--

LOCK TABLES `t_cartitem` WRITE;
/*!40000 ALTER TABLE `t_cartitem` DISABLE KEYS */;
INSERT INTO `t_cartitem` VALUES ('FC80F71570D34D50B801D76CF5F153A0',2,'CE01F15D435A4C51B0AD8202A318DCA7','531D8A16D524478D86F8A115FE95D93F',23);
/*!40000 ALTER TABLE `t_cartitem` ENABLE KEYS */;
UNLOCK TABLES;

--
-- Table structure for table `t_category`
--

DROP TABLE IF EXISTS `t_category`;
/*!40101 SET @saved_cs_client     = @@character_set_client */;
/*!40101 SET character_set_client = utf8 */;
CREATE TABLE `t_category` (
  `cid` char(32) NOT NULL,
  `cname` varchar(50) DEFAULT NULL,
  `pid` char(32) DEFAULT NULL,
  `desc` varchar(100) DEFAULT NULL,
  `orderBy` int(11) NOT NULL AUTO_INCREMENT,
  PRIMARY KEY (`cid`),
  UNIQUE KEY `cname` (`cname`),
  KEY `FK_t_category_t_category` (`pid`),
  KEY `orderBy` (`orderBy`),
  CONSTRAINT `FK_t_category_t_category` FOREIGN KEY (`pid`) REFERENCES `t_category` (`cid`)
) ENGINE=InnoDB AUTO_INCREMENT=122 DEFAULT CHARSET=utf8;
/*!40101 SET character_set_client = @saved_cs_client */;

--
-- Dumping data for table `t_category`
--

LOCK TABLES `t_category` WRITE;
/*!40000 ALTER TABLE `t_category` DISABLE KEYS */;
INSERT INTO `t_category` VALUES ('08AC33EF5BEC45B2875781C7164CD0B9',' 保健养生','34B1FBA582A1409293D7CCA86ADEF92C','保健养生分类',101),('0B94BD4D7775485C95127BE62C346A11','心灵与修养','F96FC9F5EB2741B1B3BDDC658EF31BFC','心灵与修养分类',113),('0DBD2E1BDF184B74A710FD4E922F1F1F','经管',NULL,'经管分类',72),('1','程序设计',NULL,'程序设计分类',1),('12844B5B2BD748D4B61597B5FE4EA9AB','百科全书/年鉴','D5E3B53F44A64CD4B7460EF043081DBE','百科全书/年鉴',121),('13DFB440977E4DB7BFC590225AE7448F','两性关系','34B1FBA582A1409293D7CCA86ADEF92C','两性关系分类',100),('13EB49D3C219489D8202F3B864EADAFF','市场/营销','0DBD2E1BDF184B74A710FD4E922F1F1F','市场/营销',73),('14269F415AA74958BAA0E9433CB5E8F1','校园','A4595ED4B7C04B259B7FB7D33E476A2B','校园分类',63),('1619CD5EFC4040938765639D3E40556D','教育',NULL,'教育分类',87),('18031A130F354D6785D1F377F839873D','中国当代小说','F14C020DC1E447D8BBE823AFE5082918','中国当代小说分类',54),('1ED452D3DDBA4CA9B5402FBA4FA71E3A','古籍','C8D33A95D566431E9B2DC311BA62862F','古籍分类',70),('257F0F62F2CE429B853E6E077735F1D0','宠物杂事','34B1FBA582A1409293D7CCA86ADEF92C','宠物杂事分类',96),('27EC2941CEF14706B4D0AFF16DADA0FD','家庭园艺','34B1FBA582A1409293D7CCA86ADEF92C','家庭园艺分类',94),('2DC412C2EF08408AA21ACFDDED5A7B35','其他语种工具','D5E3B53F44A64CD4B7460EF043081DBE','其他语种工具书',120),('3012E6659828499DBD9D80A7BB3F482B','科幻分类','F14C020DC1E447D8BBE823AFE5082918','科幻分类',59),('30FDC0C5862F40FD9DBF77EC9E6C267F','11-14岁','3E3C1298DC54470889247A1D85F0EE30','11-14岁分类',106),('3202A293B1CE4EBE9D18535855D332C4','古代言情','A4595ED4B7C04B259B7FB7D33E476A2B','古代言情分类',66),('34B1FBA582A1409293D7CCA86ADEF92C','生活',NULL,'生活分类',93),('3C28A80B2FF34338B7337C3047ADA409','经济学理论','0DBD2E1BDF184B74A710FD4E922F1F1F','经济学理论',77),('3E3C1298DC54470889247A1D85F0EE30','童书',NULL,'童书分类',102),('414720E3C383441B93DFFC29EB6B4779','车载户外','34B1FBA582A1409293D7CCA86ADEF92C','车载户外分类',97),('4795ED31F4574A34ABB49392C2DD27AE','心理学','C8D33A95D566431E9B2DC311BA62862F','心理学分类',71),('5F79D0D246AD4216AC04E9C5FAB3199E','Java Javascript','1','Java Javascript分类',10),('60F1F77889714E71A5A5CF814C608530','英语考试','1619CD5EFC4040938765639D3E40556D','英语考试分类',92),('622D969644C44D7880912A8BFEE7E345','电工技术','D3793CC8A7F040FD96D07D48F921AA01','电工技术分类',80),('6ABF198EBC29493BA1E5230B17140C2B','石油 天然气','D3793CC8A7F040FD96D07D48F921AA01','石油 天然气',85),('6E5EFA51A23A4575ADC5868F89FBC7B4','证券/股票','0DBD2E1BDF184B74A710FD4E922F1F1F','证券/股票分类',74),('6F08D032371B4066A2ED2A8E5AC6763D','矿业工程','D3793CC8A7F040FD96D07D48F921AA01','矿业工程分类',84),('6F5240E4900F493890238DE2F3AE40CB','外国小说','F14C020DC1E447D8BBE823AFE5082918','外国小说分类',55),('73E9F6E515A3422E8A6D1DBC02846DED','中职教材','1619CD5EFC4040938765639D3E40556D','中职教材分类',90),('7532F54398334890BEEFA66104AF3542','旅游/地图','34B1FBA582A1409293D7CCA86ADEF92C','旅游/地图分类',98),('7D21E6E9120E4CE48AC2FF10299EA6C8','武器工业','D3793CC8A7F040FD96D07D48F921AA01','武器工业分类',86),('83BBECD115A4478BA4FE10EFFA0B40AF','外国儿童文学','3E3C1298DC54470889247A1D85F0EE30','外国儿童文学分类',108),('84ECE401C2904DBEA560D04A581A66D9','HTML XML','1','HTML XML分类',13),('851E1EEF519F4CC3A01B5BEA327F9697','职业技术培训','1619CD5EFC4040938765639D3E40556D','职业技术培训分类',91),('8821C02F8ACB49AC97E39F09CCD857C9','游戏','34B1FBA582A1409293D7CCA86ADEF92C','游戏分类',95),('8A11890CF8CC49349066C5C6A57627C5','英语工具书','D5E3B53F44A64CD4B7460EF043081DBE','英语工具书分类',119),('8A3144AD1E1549CD823A9C2086EF2105','一般工业技术','D3793CC8A7F040FD96D07D48F921AA01','一般工业技术分类',79),('8C3D6F418CA14812B30F4476C9490659','购房置业','0DBD2E1BDF184B74A710FD4E922F1F1F','购房置业分类',75),('8CC9EB54802F410B90EE48F88CF008E3','精装图画书','3E3C1298DC54470889247A1D85F0EE30','精装图画书',109),('9131938236DB4694B438C5F2A97FFF39','3-6岁','3E3C1298DC54470889247A1D85F0EE30','3-6岁分类',104),('922E6E2DB04143D39C9DDB26365B3EE8','C C++ VC VC++','1','C C++ VC VC++分类',12),('9B6D9AE6EA6547E18BDF8A345A09A713','0-2岁','3E3C1298DC54470889247A1D85F0EE30','0-2岁分类',103),('A3B6CC97229C4461A4A1C6FFE9B892CC','人生哲学','F96FC9F5EB2741B1B3BDDC658EF31BFC','人生哲学分类',111),('A4595ED4B7C04B259B7FB7D33E476A2B','青春文学',NULL,'青春文学分类',62),('A459B66B166F474AAEE3864C6813E4FF','高职高专教材','1619CD5EFC4040938765639D3E40556D','高职高专教材分类',89),('A4C493CA152B46BD878D273A5DEE62A8','历史','C8D33A95D566431E9B2DC311BA62862F','历史分类',68),('B369FBA229604553B78F2619612F9CD1','中国儿童文学','3E3C1298DC54470889247A1D85F0EE30','中国儿童文学分类',107),('B733AEF982664FB584A1097DE70CFB9E','韩国青春文学','A4595ED4B7C04B259B7FB7D33E476A2B','韩国青春文学分类',65),('BAFC7C2236034B078C04428FFFEE9FC8','情感','F14C020DC1E447D8BBE823AFE5082918','情感分类',61),('BF1F76D5FBC74203B8AEA685D77104C2','侦探/悬疑/推理','F14C020DC1E447D8BBE823AFE5082918','侦探/悬疑/推理分类',56),('C14531B6BE8741D39E17BF081AC80F59','冶金工业','D3793CC8A7F040FD96D07D48F921AA01','冶金工业分类',83),('C26C0A11BD6A4A2F8DC3E26B1E601803','武侠','F14C020DC1E447D8BBE823AFE5082918','武侠分类',60),('C3F9FAAF4EA64857ACFAB0D9C8D0E446','PHP','1','PHP分类',14),('C8D33A95D566431E9B2DC311BA62862F','人文社科',NULL,'人文社科分类',67),('C94D0A712D8B4C888EADBF35234DAE34','汉语工具书','D5E3B53F44A64CD4B7460EF043081DBE','汉语工具书分类',118),('D2DF4DF570594F11B35B5E3311F1F852','爱情/情感','A4595ED4B7C04B259B7FB7D33E476A2B','爱情/情感分类',64),('D32C35DEAB0B4263AFAE3339D7E10EBB','文化','C8D33A95D566431E9B2DC311BA62862F','文化分类',69),('D3793CC8A7F040FD96D07D48F921AA01','工业技术',NULL,'工业技术分类',78),('D45D96DA359A4FEAB3AB4DCF2157FC06','JSP','1','JSP分类',11),('D5E3B53F44A64CD4B7460EF043081DBE','工具书',NULL,'工具书分类',117),('D65894E32C364D5BADE9696F1F3919E0','7-10岁','3E3C1298DC54470889247A1D85F0EE30','7-10岁分类',105),('D885A62F1A3242BF9F7C781A8429892A','化学工业','D3793CC8A7F040FD96D07D48F921AA01','化学工业分类',82),('E0FDC4DD3A0C484190FD9BD7F217553C','性格与习惯','F96FC9F5EB2741B1B3BDDC658EF31BFC','性格与习惯分类',114),('E5F5318F76D545219A9472EB9F2F0B9F','惊悚/恐怖','F14C020DC1E447D8BBE823AFE5082918','惊悚/恐怖分类',57),('E634A380AF4A4067AA295626AC20494C','电子 通信','D3793CC8A7F040FD96D07D48F921AA01','电子 通信分类',81),('ECCF408313E9408F8FEC58214719F209','成功/激励','F96FC9F5EB2741B1B3BDDC658EF31BFC','成功/激励分类',112),('ED9FAB875611463CBDC379CA09CCA9B3','魔幻分类','F14C020DC1E447D8BBE823AFE5082918','魔幻分类',58),('EEBDA558AC5F424AAEDA6B2715BD41CC','育儿/早教','34B1FBA582A1409293D7CCA86ADEF92C','育儿/早教分类',99),('F14C020DC1E447D8BBE823AFE5082918','小说',NULL,'小说分类',53),('F28F2C47082245BF8E08283ED70A22CF','本科/研究生','1619CD5EFC4040938765639D3E40556D','本科/研究生分类',88),('F86378719EFF41CC8D92E94662223B57','理财技巧','0DBD2E1BDF184B74A710FD4E922F1F1F','理财技巧',76),('F96FC9F5EB2741B1B3BDDC658EF31BFC','励志/成功',NULL,'励志/成功分类',110);
/*!40000 ALTER TABLE `t_category` ENABLE KEYS */;
UNLOCK TABLES;

--
-- Table structure for table `t_comment`
--

DROP TABLE IF EXISTS `t_comment`;
/*!40101 SET @saved_cs_client     = @@character_set_client */;
/*!40101 SET character_set_client = utf8 */;
CREATE TABLE `t_comment` (
  `uid` char(32) NOT NULL,
  `bid` char(32) NOT NULL,
  `content` varchar(10000) DEFAULT NULL,
  `commenttime` char(19) DEFAULT NULL,
  PRIMARY KEY (`uid`,`bid`),
  KEY `fk_book_bid` (`bid`),
  CONSTRAINT `fk_book_bid` FOREIGN KEY (`bid`) REFERENCES `t_book` (`bid`),
  CONSTRAINT `fk_user_uid` FOREIGN KEY (`uid`) REFERENCES `t_user` (`uid`)
) ENGINE=InnoDB DEFAULT CHARSET=utf8;
/*!40101 SET character_set_client = @saved_cs_client */;

--
-- Dumping data for table `t_comment`
--

LOCK TABLES `t_comment` WRITE;
/*!40000 ALTER TABLE `t_comment` DISABLE KEYS */;
INSERT INTO `t_comment` VALUES ('32DB3700D2564254982BC58B0E4D95BC','CE01F15D435A4C51B0AD8202A318DCA7','《Thinking in Java》这本书无疑是Java中的传世之作，作者对Java语言有着独到、精辟的见解，以通俗易懂、小而直接的事例解释了一个个晦涩抽象的概念，把许多新手带进了Java世界的大门，每一个学习Java的人都应该拥有这本书！','2015-06-16 02:27:49'),('531D8A16D524478D86F8A115FE95D93F','CE01F15D435A4C51B0AD8202A318DCA7','good','2015-06-16 03:27:49'),('55790D9C1A1845738E6D93866A148C7E','CE01F15D435A4C51B0AD8202A318DCA7','翻译的不错。读起来比较顺。这本书和其他Java书籍最大的区别就是注重从思想、思路、思维模式上去引导，而非单纯的讲Java这个语言的使用。这本书的阅读让你觉得。Java不单单是一个工具。更重要的是一种思路。不愧为经典之作。每个Java开发人员必备书籍','2015-06-16 01:27:49'),('6BBB0EF00E66450F80245E820A9640B6','CE01F15D435A4C51B0AD8202A318DCA7','第一：不适合初学者或者向入门的，我学过Java SE有的地方理解还是有困难的。\r\n第二：有些部分翻译的不是很流畅，需要反复推敲，才能明白真正意思。\r\n第三：涉及面真的很广，深入学习的极力推荐最后：书的质量没问题，感兴趣的值得入手','2015-06-15 03:27:49'),('x','CE01F15D435A4C51B0AD8202A318DCA7','这是一本非常棒的书！强烈推荐～！','2015-06-14 03:27:49');
/*!40000 ALTER TABLE `t_comment` ENABLE KEYS */;
UNLOCK TABLES;

--
-- Table structure for table `t_order`
--

DROP TABLE IF EXISTS `t_order`;
/*!40101 SET @saved_cs_client     = @@character_set_client */;
/*!40101 SET character_set_client = utf8 */;
CREATE TABLE `t_order` (
  `oid` char(32) NOT NULL,
  `ordertime` char(19) DEFAULT NULL,
  `total` decimal(10,2) DEFAULT NULL,
  `status` int(11) DEFAULT NULL,
  `address` varchar(1000) DEFAULT NULL,
  `uid` char(32) DEFAULT NULL,
  PRIMARY KEY (`oid`),
  KEY `FK_t_order_t_user` (`uid`),
  CONSTRAINT `FK_t_order_t_user` FOREIGN KEY (`uid`) REFERENCES `t_user` (`uid`)
) ENGINE=InnoDB DEFAULT CHARSET=utf8;
/*!40101 SET character_set_client = @saved_cs_client */;

--
-- Dumping data for table `t_order`
--

LOCK TABLES `t_order` WRITE;
/*!40000 ALTER TABLE `t_order` DISABLE KEYS */;
INSERT INTO `t_order` VALUES ('0081389BB6C74E97A0248D378A230B0C','2015-06-10 14:12:17',642.30,5,'山东省 XX市 XX区 XXX路X号 XX','531D8A16D524478D86F8A115FE95D93F'),('058F48DA33694C6D8F5C2C13F3D26CEA','2015-05-23 09:23:55',95.30,1,'李女士 广东省 揭阳市 揭东县 xxx xxx xxx','32DB3700D2564254982BC58B0E4D95BC'),('065056EFA3914273B6B266A2414A38FA','2015-05-28 15:44:53',74.50,4,'王先生 北京市 北京市 宣武区 xxx xxx xxx','32DB3700D2564254982BC58B0E4D95BC'),('0A1F4C5BDE754277B984D1E7E763051D','2015-05-28 15:44:53',41.30,5,'北京市 昌平区 西三旗 金燕龙办公楼1层 张三爷','32DB3700D2564254982BC58B0E4D95BC'),('0ADCEE0510844D2697E7A5C0903A8D3B','2015-05-28 15:44:53',41.30,1,'北京市 昌平区 西三旗 金燕龙办公楼1层 张三爷','32DB3700D2564254982BC58B0E4D95BC'),('0B657B624D8D4B919B7E5F175AA90530','2015-05-28 15:44:53',41.30,1,'北京市 昌平区 西三旗 金燕龙办公楼1层 张三爷','32DB3700D2564254982BC58B0E4D95BC'),('0CA1A9B0287C43B2AA9435F11F237E9B','2015-05-28 15:44:53',41.30,2,'北京市 昌平区 西三旗 金燕龙办公楼1层 张三爷','531D8A16D524478D86F8A115FE95D93F'),('0CD9939DC9AE4DA2A12F772293F55A4B','2015-05-28 15:44:53',41.30,1,'北京市 昌平区 西三旗 金燕龙办公楼1层 张三爷','32DB3700D2564254982BC58B0E4D95BC'),('0ED79750839A448EB6AB5DFEC1C71606','2015-06-12 15:03:38',635.40,4,'山东省 威海市 环翠区 XXX XXXX','531D8A16D524478D86F8A115FE95D93F'),('0FBC5F415EF94161AF2937A07EFD8DE8','2015-05-28 15:44:53',74.50,4,'王先生 北京市 北京市 宣武区 xxx xxx xxx','32DB3700D2564254982BC58B0E4D95BC'),('0FD72F77655D43E2B7989892E965864D','2015-05-23 09:23:55',88.70,1,'王先生 北京市 北京市 宣武区 xxx xxx xxx','32DB3700D2564254982BC58B0E4D95BC'),('148668BE43754CE2B64A0AC999C5A2D5','2015-05-28 15:44:53',148.70,1,'北京市 昌平区 西三旗 金燕龙办公楼1层 张三爷','32DB3700D2564254982BC58B0E4D95BC'),('159B58B3BBCB4069A550BF1A358B4905','2015-05-28 15:44:53',41.30,2,'北京市 昌平区 西三旗 金燕龙办公楼1层 张三爷','531D8A16D524478D86F8A115FE95D93F'),('15A89AB272394F359EA26A2E15F13405','2015-05-23 09:23:55',74.50,5,'王先生 北京市 北京市 宣武区 xxx xxx xxx','32DB3700D2564254982BC58B0E4D95BC'),('161A05BEBBAA468199131EAD175CCFEA','2015-05-28 15:44:53',41.30,1,'北京市 昌平区 西三旗 金燕龙办公楼1层 张三爷','32DB3700D2564254982BC58B0E4D95BC'),('18D2C99D248D4B79A6FD55BE71B85F5F','2015-06-10 14:26:56',237.30,3,'山东省 威海市 环翠区 XXX XXXX','531D8A16D524478D86F8A115FE95D93F'),('1AFEC52D72C74266A6E36F83F9910B4F','2015-05-28 15:44:53',74.50,5,'北京市 昌平区 西三旗 金燕龙办公楼1层 张三爷','32DB3700D2564254982BC58B0E4D95BC'),('1D640078E4A64AC987FEA7299B57A2F6','2015-05-28 15:44:53',74.50,4,'关羽 云南省 曲靖市 宣威市 11 11 11 11 xx','32DB3700D2564254982BC58B0E4D95BC'),('26D8AD0250F442A5BF5C4D7DCC71D683','2015-06-06 20:23:36',107.40,5,'山东省 威海市 环翠区 XXX XXXX','531D8A16D524478D86F8A115FE95D93F'),('2AFD7DC9619548BA8727464D77AFB9C2','2015-05-28 15:44:53',41.30,1,'北京市 昌平区 西三旗 金燕龙办公楼1层 张三爷','32DB3700D2564254982BC58B0E4D95BC'),('2D9FF0BFB82842CFAA4B623D5997BF1F','2015-05-28 15:44:53',74.50,4,'王先生 北京市 北京市 宣武区 xxx xxx xxx','32DB3700D2564254982BC58B0E4D95BC'),('303E12F4821A4B3F9DB97B23947220C7','2015-05-23 09:23:55',82.10,2,'李女士 广东省 揭阳市 揭东县 xxx xxx xxx','32DB3700D2564254982BC58B0E4D95BC'),('3143492834294128ADCFD1DAC3530396','2015-05-28 15:44:53',74.50,4,'王先生 北京市 北京市 宣武区 xxx xxx xxx','32DB3700D2564254982BC58B0E4D95BC'),('32739173C1E247558358B1A8FE9FE012','2015-05-28 15:44:53',41.30,1,'北京市 昌平区 西三旗 金燕龙办公楼1层 张三爷','32DB3700D2564254982BC58B0E4D95BC'),('33D163070CE74936966AE177F3E09B20','2015-05-28 15:44:53',74.50,4,'王先生 北京市 北京市 宣武区 xxx xxx xxx','32DB3700D2564254982BC58B0E4D95BC'),('42AC5E1C71EC4A24B77580C26EC18821','2015-06-10 15:20:06',347.40,4,'山东省 威海市 环翠区 XXX XXXX','531D8A16D524478D86F8A115FE95D93F'),('45F2A4A57F4A4E5ABB4D874E81B7A417','2015-06-09 21:53:26',239.90,5,'山东省 威海市 环翠区 XXX XXXX','531D8A16D524478D86F8A115FE95D93F'),('49127E9642C5474FA8F2139204DE571C','2015-05-28 15:44:53',74.50,4,'王先生 北京市 北京市 宣武区 xxx xxx xxx','32DB3700D2564254982BC58B0E4D95BC'),('4B49D55D2CD34DB480A2CDF1A78858E8','2015-05-28 15:44:53',74.50,4,'王先生 北京市 北京市 宣武区 xxx xxx xxx','32DB3700D2564254982BC58B0E4D95BC'),('553AFF48D76A48AD89ED3FE8F7E2F587','2015-05-23 09:23:55',109.00,4,'张小姐 上海市 上海市 浦东新区 xxx xxx xxx xxx','32DB3700D2564254982BC58B0E4D95BC'),('5668668DAB1F4406819D37881BC5D5B1','2015-05-28 15:44:53',95.30,4,'李四 西藏 昌都地区 八宿县 xx xx xxx xxx','32DB3700D2564254982BC58B0E4D95BC'),('57197A448F9A4F15B76B1ED1EB3A15E6','2015-05-28 15:44:53',41.30,1,'北京市 昌平区 西三旗 金燕龙办公楼1层 张三爷','32DB3700D2564254982BC58B0E4D95BC'),('574A31876CA246D4A10C0600EF5CF8A5','2015-05-28 15:44:53',74.50,2,'北京市 昌平区 西三旗 金燕龙办公楼1层 张三爷','531D8A16D524478D86F8A115FE95D93F'),('57856B1A295B437CA0F7991540897B47','2015-05-28 15:44:53',41.30,1,'北京市 昌平区 西三旗 金燕龙办公楼1层 张三爷','32DB3700D2564254982BC58B0E4D95BC'),('57CC7672B6DF49AE9CD7B9C6B65AA119','2015-06-06 17:23:13',0.00,5,'山东省 威海市 环翠区 XXX XXXX','531D8A16D524478D86F8A115FE95D93F'),('59A15DD3A0704508B1C2BC9B682A329F','2015-05-28 15:44:53',68.30,4,'北京市 昌平区 西三旗 金燕龙办公楼1层 张三爷','531D8A16D524478D86F8A115FE95D93F'),('5D39377E88E049F8BA19173BAFF295CB','2015-05-28 15:44:53',74.50,4,'李女士 广东省 揭阳市 揭东县 xxx xxx xxx','32DB3700D2564254982BC58B0E4D95BC'),('5FB1E131DD294CBBA34FE93228DF2F02','2015-05-28 15:44:53',279.10,1,'北京市 昌平区 西三旗 金燕龙办公楼1层 张三爷','32DB3700D2564254982BC58B0E4D95BC'),('605B9D163C1345B6A636D80720794CE8','2015-05-28 15:44:53',74.50,4,'李女士 广东省 揭阳市 揭东县 xxx xxx xxx','32DB3700D2564254982BC58B0E4D95BC'),('6504C742FE65413494E028E714D4D609','2015-05-28 15:44:53',41.30,1,'北京市 昌平区 西三旗 金燕龙办公楼1层 张三爷','32DB3700D2564254982BC58B0E4D95BC'),('673170D78D9D4EE6AE083167CFB81C1A','2015-05-28 15:44:53',68.30,2,'北京市 昌平区 西三旗 金燕龙办公楼1层 张三爷','531D8A16D524478D86F8A115FE95D93F'),('674878FE6CAB48918DB4A9688262FBD5','2015-05-28 15:44:53',41.30,1,'北京市 昌平区 西三旗 金燕龙办公楼1层 张三爷','32DB3700D2564254982BC58B0E4D95BC'),('6C921E50C3E54EA0AFD8CC4B661963AD','2015-05-28 15:44:53',41.30,2,'北京市 昌平区 西三旗 金燕龙办公楼1层 张三爷','531D8A16D524478D86F8A115FE95D93F'),('6F4318AEAE544F48A507BF64E8F72F42','2015-06-12 02:22:09',477.40,1,'山东省 威海市 环翠区 XXX XXXX','531D8A16D524478D86F8A115FE95D93F'),('7237A47B1B5B4A78822D662AE01671B6','2015-05-28 15:44:53',115.80,5,'北京市 昌平区 西三旗 金燕龙办公楼1层 张三爷','531D8A16D524478D86F8A115FE95D93F'),('75B7D65D4F5A43CD83605FDE38D7E10C','2015-05-28 15:44:53',149.00,4,'王先生 北京市 北京市 宣武区 xxx xxx xxx','32DB3700D2564254982BC58B0E4D95BC'),('7858221EA1DF4B318A632A9C1CD3E1F7','2015-05-28 15:44:53',41.30,1,'北京市 昌平区 西三旗 金燕龙办公楼1层 张三爷','32DB3700D2564254982BC58B0E4D95BC'),('7B3FA2910C9149829AB1EF3A39C4785F','2015-05-23 09:23:55',74.50,1,'王先生 北京市 北京市 宣武区 xxx xxx xxx','32DB3700D2564254982BC58B0E4D95BC'),('7BBAA174C4F94E1291444A8F55DD8B1A','2015-06-12 02:25:39',95.30,1,'山东省 威海市 环翠区 XXX XXXX','531D8A16D524478D86F8A115FE95D93F'),('7D99249DF39143EA95977C5C2FA7731E','2015-06-10 00:24:23',244.10,2,'山东省 威海市 环翠区 XXX XXXX','531D8A16D524478D86F8A115FE95D93F'),('85998DE4ACFB4BF3A6DACFEE0D869F15','2015-06-12 09:09:55',666.50,5,'山东省 威海市 环翠区 XXX XXXX','531D8A16D524478D86F8A115FE95D93F'),('8694BC7EAE57459AA06CD543FC63D42F','2015-06-06 17:35:57',74.50,5,'山东省 威海市 环翠区 XXX XXXX','531D8A16D524478D86F8A115FE95D93F'),('8BB662E4C0444BC88F1DBE82584595BC','2015-05-23 09:23:55',33.80,4,'王先生 北京市 北京市 宣武区 xxx xxx xxx','32DB3700D2564254982BC58B0E4D95BC'),('930EDDA6AA644A68A7562846C5FC4DE3','2015-06-06 17:19:08',0.00,5,'山东省 威海市 环翠区 文化西路2号 李四','531D8A16D524478D86F8A115FE95D93F'),('93576BB2F43C47F89B4DD7B91F5DF5E3','2015-05-28 15:44:53',74.50,4,'王先生 北京市 北京市 宣武区 xxx xxx xxx','32DB3700D2564254982BC58B0E4D95BC'),('96C6D91D916E472681EEC37B1770DE87','2015-05-23 09:23:55',67.60,4,'王先生 北京市 北京市 宣武区 xxx xxx xxx','32DB3700D2564254982BC58B0E4D95BC'),('9721A3FBC37D490588AEE02F761744E2','2015-05-28 15:44:53',74.50,4,'王先生 北京市 北京市 宣武区 xxx xxx xxx','32DB3700D2564254982BC58B0E4D95BC'),('9751509E85314E4995B595B602BEBF36','2015-06-06 19:07:19',169.80,5,'山东省 威海市 环翠区 XXX XXXX','531D8A16D524478D86F8A115FE95D93F'),('984468779C164A6098A7FE7EECE9E273','2015-05-28 15:44:53',41.30,5,'北京市 昌平区 西三旗 金燕龙办公楼1层 张三爷','32DB3700D2564254982BC58B0E4D95BC'),('9E1C0A9FDF1F49B18FA0BFA33E132BDD','2015-05-28 15:44:53',41.30,1,'北京市 昌平区 西三旗 金燕龙办公楼1层 张三爷','32DB3700D2564254982BC58B0E4D95BC'),('A2DB4A7B4EA640ADA63F22A7E8311F4B','2015-05-28 15:44:53',148.70,1,'北京市 昌平区 西三旗 金燕龙办公楼1层 张三爷','32DB3700D2564254982BC58B0E4D95BC'),('B60BF343B1C6490F88A9B8D218C61A81','2015-06-12 02:29:22',95.30,3,'山东省 威海市 环翠区 XXX XXXX','531D8A16D524478D86F8A115FE95D93F'),('B62C7C1BA61C47C4BCEC4BE96897A72C','2015-05-28 15:44:53',41.30,1,'北京市 昌平区 西三旗 金燕龙办公楼1层 张三爷','32DB3700D2564254982BC58B0E4D95BC'),('B69C6849120D4B28A6CCF99351B88575','2015-05-28 15:44:53',366.00,2,'北京市 昌平区 西三旗 金燕龙办公楼1层 张三爷','531D8A16D524478D86F8A115FE95D93F'),('B94718AFB53B41DE8C8CD9C71C82401E','2015-06-06 17:20:26',0.00,1,'山东省 威海市 环翠区 XXX XXXX','531D8A16D524478D86F8A115FE95D93F'),('BB7789E41C524030832B7E5E426633E7','2015-05-28 15:44:53',115.80,2,'北京市 昌平区 西三旗 金燕龙办公楼1层 张三爷','531D8A16D524478D86F8A115FE95D93F'),('BD1BD9AB58B1413FA0BDC0AACCC8C65F','2015-05-23 09:23:55',81.40,1,'王先生 北京市 北京市 宣武区 xxx xxx xxx','32DB3700D2564254982BC58B0E4D95BC'),('BDB995AF80D34716ABB9D10CB6962F87','2015-05-23 09:23:55',32.90,3,'李女士 广东省 揭阳市 揭东县 xxx xxx xxx','32DB3700D2564254982BC58B0E4D95BC'),('BE24BB4187B1472AA08E206BF8B0ABF7','2015-05-23 09:23:55',47.60,3,'王先生 北京市 北京市 宣武区 xxx xxx xxx','32DB3700D2564254982BC58B0E4D95BC'),('C0841F4DFE7A43BFB183E4E82AE7914C','2015-05-28 15:44:53',74.50,4,'刘备 西藏 那曲地区 巴青县 xxx xxx xxx xxx x','32DB3700D2564254982BC58B0E4D95BC'),('C34F025EF6BB4B88A8409B00A0ABC891','2015-05-28 15:44:53',41.30,1,'北京市 昌平区 西三旗 金燕龙办公楼1层 张三爷','32DB3700D2564254982BC58B0E4D95BC'),('C4A1E40F2F514684BCD97F9EE76A701F','2015-05-28 15:44:53',74.50,4,'王先生 北京市 北京市 宣武区 xxx xxx xxx','32DB3700D2564254982BC58B0E4D95BC'),('C6F8379F9E3E4F8381763B54E5BF986C','2015-05-28 15:44:53',41.30,2,'北京市 昌平区 西三旗 金燕龙办公楼1层 张三爷','531D8A16D524478D86F8A115FE95D93F'),('CAF94AFF83E74F3499102CB3774B39BB','2015-06-12 02:21:52',372.70,1,'山东省 威海市 环翠区 XXX XXXX','531D8A16D524478D86F8A115FE95D93F'),('CBB735CB5F084C1BB80FF5998F811E63','2015-05-28 15:44:53',74.50,4,'王先生 北京市 北京市 宣武区 xxx xxx xxx','32DB3700D2564254982BC58B0E4D95BC'),('CC35A3A7D5FA4775A9AD279DC3AB9D5D','2015-06-12 02:17:37',479.90,5,'山东省 威海市 环翠区 XXX XXXX','531D8A16D524478D86F8A115FE95D93F'),('CE537015382640E1AE15B9A8FD08B9EE','2015-05-23 09:23:55',41.30,5,'李女士 广东省 揭阳市 揭东县 xxx xxx xxx','32DB3700D2564254982BC58B0E4D95BC'),('CFD6F8D699F54BF28FE43112A88792E2','2015-06-10 14:18:06',509.40,5,'山东省 威海市 环翠区 XXX XXXX','531D8A16D524478D86F8A115FE95D93F'),('D6522118E32743FF83A7E5F67C1266DA','2015-06-12 09:01:08',218.00,4,'山东省 威海市 环翠区 XXX XXXX','531D8A16D524478D86F8A115FE95D93F'),('D929BD17AB374B49B61B93AF9A194D1A','2015-05-23 09:23:55',82.10,5,'王先生 北京市 北京市 宣武区 xxx xxx xxx','32DB3700D2564254982BC58B0E4D95BC'),('DD5135AEDA2E464BAF52DEC4727E2A3D','2015-05-28 15:44:53',41.30,1,'北京市 昌平区 西三旗 金燕龙办公楼1层 张三爷','32DB3700D2564254982BC58B0E4D95BC'),('E106BFE7029C485D95A124C733BCC539','2015-05-28 15:44:53',41.30,5,'北京市 昌平区 西三旗 金燕龙办公楼1层 张三爷','32DB3700D2564254982BC58B0E4D95BC'),('E3A1EB6D0543489F9729B2B5BC5DB365','2015-05-28 15:44:53',115.50,1,'王先生 北京市 北京市 宣武区 xxx xxx xxx','32DB3700D2564254982BC58B0E4D95BC'),('E6EEEB39CECC4089BC65142BADCC4FC3','2015-05-23 09:23:55',73.60,1,'张小姐 上海市 上海市 浦东新区 xxx xxx xxx xxx','32DB3700D2564254982BC58B0E4D95BC'),('E891D2A05DA6485EB7E12436E8FB3107','2015-05-28 15:44:53',162.90,2,'北京市 昌平区 西三旗 金燕龙办公楼1层 张三爷','531D8A16D524478D86F8A115FE95D93F'),('E8AE477323214E99AB48BA38052BE974','2015-05-28 15:44:53',74.50,4,'王先生 北京市 北京市 宣武区 xxx xxx xxx','32DB3700D2564254982BC58B0E4D95BC'),('EA4DC50E547149E3A48B14E6711DF1BD','2015-05-28 15:44:53',74.50,4,'王先生 北京市 北京市 宣武区 xxx xxx xxx','32DB3700D2564254982BC58B0E4D95BC'),('EC3696A4C443494A9B8DD6E8A9B82072','2015-05-28 15:44:53',41.30,1,'北京市 昌平区 西三旗 金燕龙办公楼1层 张三爷','32DB3700D2564254982BC58B0E4D95BC'),('ECB47FBA81F64751B7AC89CCB8DDFD09','2015-05-28 15:44:53',41.30,2,'北京市 昌平区 西三旗 金燕龙办公楼1层 张三爷','531D8A16D524478D86F8A115FE95D93F'),('EDC9F39D490E424BA799E7BD4BED9D09','2015-05-28 15:44:53',74.50,4,'王先生 北京市 北京市 宣武区 xxx xxx xxx','32DB3700D2564254982BC58B0E4D95BC'),('EE1F00D88FDC44BD966AF05C1F7FABE0','2015-05-23 09:23:55',68.30,1,'王先生 北京市 北京市 宣武区 xxx xxx xxx','32DB3700D2564254982BC58B0E4D95BC'),('F64FD5E198BB4114AB091034C5C6D8B7','2015-05-28 15:44:53',41.30,1,'北京市 昌平区 西三旗 金燕龙办公楼1层 张三爷','32DB3700D2564254982BC58B0E4D95BC'),('F7E603F5179348B9BC3417B9BFB8558D','2015-05-28 15:44:53',41.30,2,'北京市 昌平区 西三旗 金燕龙办公楼1层 张三爷','531D8A16D524478D86F8A115FE95D93F'),('FAC08EE0DF2C4487A6FA2B11B343307E','2015-05-23 09:23:55',340.70,1,'王先生 北京市 北京市 宣武区 xxx xxx xxx','32DB3700D2564254982BC58B0E4D95BC'),('FE1F85BE1DBE420CBAD9C3FB2215456A','2015-06-12 02:21:23',376.00,1,'山东省 威海市 环翠区 XXX XXXX','531D8A16D524478D86F8A115FE95D93F'),('FF5712C0E5144FF4B1032F4BA7FB4062','2015-06-12 02:22:25',204.90,5,'山东省 威海市 环翠区 XXX XXXX','531D8A16D524478D86F8A115FE95D93F');
/*!40000 ALTER TABLE `t_order` ENABLE KEYS */;
UNLOCK TABLES;

--
-- Table structure for table `t_orderitem`
--

DROP TABLE IF EXISTS `t_orderitem`;
/*!40101 SET @saved_cs_client     = @@character_set_client */;
/*!40101 SET character_set_client = utf8 */;
CREATE TABLE `t_orderitem` (
  `orderItemId` char(32) NOT NULL,
  `quantity` int(11) DEFAULT NULL,
  `subtotal` decimal(8,2) DEFAULT NULL,
  `bid` char(32) DEFAULT NULL,
  `bname` varchar(200) DEFAULT NULL,
  `currPrice` decimal(8,2) DEFAULT NULL,
  `image_b` varchar(100) DEFAULT NULL,
  `oid` char(32) DEFAULT NULL,
  PRIMARY KEY (`orderItemId`),
  KEY `FK_t_orderitem_t_order` (`oid`),
  CONSTRAINT `FK_t_orderitem_t_order` FOREIGN KEY (`oid`) REFERENCES `t_order` (`oid`)
) ENGINE=InnoDB DEFAULT CHARSET=utf8;
/*!40101 SET character_set_client = @saved_cs_client */;

--
-- Dumping data for table `t_orderitem`
--

LOCK TABLES `t_orderitem` WRITE;
/*!40000 ALTER TABLE `t_orderitem` DISABLE KEYS */;
INSERT INTO `t_orderitem` VALUES ('01D2DF3E5BB34E9F9D2477180C8D94D3',1,74.50,'CE01F15D435A4C51B0AD8202A318DCA7','Java编程思想（第4版）',74.50,'book_img/9317290-1_b.jpg','C0841F4DFE7A43BFB183E4E82AE7914C'),('01E58D4FB7964805A1557A5EF2677586',1,74.50,'CE01F15D435A4C51B0AD8202A318DCA7','Java编程思想（第4版）',74.50,'book_img/9317290-1_b.jpg','7B3FA2910C9149829AB1EF3A39C4785F'),('06AD3253E7EA415B828D1299462DE812',1,41.30,'5C4A6F0F4A3B4672AD8C5F89BF5D37D2','Java从入门到精通（第3版）（附光盘1张）（连续8月Java类全国零售排行前2名，32小时视频，732个经典实例、369项面试真题、616项测试史上最全资源库）',41.30,'book_img/22862060-1_b.jpg','159B58B3BBCB4069A550BF1A358B4905'),('0844DB419E91407FAE223E3ED6B63707',1,82.10,'3DD187217BF44A99B86DD18A4DC628BA','Java核心技术 卷1 基础知识（原书第9版）',82.10,'book_img/23362142-1_b.jpg','D929BD17AB374B49B61B93AF9A194D1A'),('09B37C38EFB946159ECF9AA8567314A9',1,32.90,'97437DAD03FA456AA7D6154614A43B55','HTML、CSS、JavaScript网页制作从入门到精通（两万读者的选择，经久不衰的超级畅销书最新升级版！网页制作学习者入门必读经典！）',32.90,'book_img/22928649-1_b.jpg','CFD6F8D699F54BF28FE43112A88792E2'),('0AD49A1C760E4EA2B29ADC32E306C2D5',1,47.60,'D0E69F85ACAB4C15BB40966E5AA545F1','Java并发编程实战（第16届Jolt大奖提名图书，Java并发编程必读佳作',47.60,'book_img/22606835-1_b.jpg','BD1BD9AB58B1413FA0BDC0AACCC8C65F'),('0F8620EDA20642D1B6CF6D2768086B0A',1,41.30,'5C4A6F0F4A3B4672AD8C5F89BF5D37D2','Java从入门到精通（第3版）（附光盘1张）（连续8月Java类全国零售排行前2名，32小时视频，732个经典实例、369项面试真题、616项测试史上最全资源库）',41.30,'book_img/22862060-1_b.jpg','F7E603F5179348B9BC3417B9BFB8558D'),('0F8FCF81AE4D402892AD73C11477B971',3,204.90,'5C68141786B84A4CB8929A2415040739','JavaScript高级程序设计(第3版)(JavaScript技术名著，国内JavasScript第一书，销量超过8万册)',68.30,'book_img/22628333-1_b.jpg','5FB1E131DD294CBBA34FE93228DF2F02'),('0FDE8F9F0C1D4B65AE470BC63783FBF5',1,41.30,'5C4A6F0F4A3B4672AD8C5F89BF5D37D2','Java从入门到精通（第3版）（附光盘1张）（连续8月Java类全国零售排行前2名，32小时视频，732个经典实例、369项面试真题、616项测试史上最全资源库）',41.30,'book_img/22862060-1_b.jpg','984468779C164A6098A7FE7EECE9E273'),('10C2D433E7704AC6A0CB74EBDB1B0AEC',1,41.30,'5C4A6F0F4A3B4672AD8C5F89BF5D37D2','Java从入门到精通（第3版）（附光盘1张）（连续8月Java类全国零售排行前2名，32小时视频，732个经典实例、369项面试真题、616项测试史上最全资源库）',41.30,'book_img/22862060-1_b.jpg','FAC08EE0DF2C4487A6FA2B11B343307E'),('11D3299B8D8D468E9CE19B10C6BA57A7',1,74.50,'CE01F15D435A4C51B0AD8202A318DCA7','Java编程思想（第4版）',74.50,'book_img/9317290-1_b.jpg','57CC7672B6DF49AE9CD7B9C6B65AA119'),('14128D56EBDE44A2935F0D12EA5DBB03',1,74.50,'CE01F15D435A4C51B0AD8202A318DCA7','Java编程思想（第4版）',74.50,'book_img/9317290-1_b.jpg','574A31876CA246D4A10C0600EF5CF8A5'),('1A6BC0C85ACD4DFA85F7A90659AC48B6',3,142.80,'52077C8423B645A9BADA96A5E0B14422','Spring源码深度解析',47.60,'book_img/23329703-1_b.jpg','0ED79750839A448EB6AB5DFEC1C71606'),('1B37BAE211604DC283383CDD377AA03D',1,95.30,'48BBFBFC07074ADE8CC906A45BE5D9A6','JavaScript权威指南（第6版）（淘宝前端团队倾情翻译！经典权威的JavaScript犀牛书！第6版特别涵盖了HTML5和ECMAScript5！）（经典巨著，当当独家首发）',95.30,'book_img/22722790-1_b.jpg','85998DE4ACFB4BF3A6DACFEE0D869F15'),('1B48E8AA75BC4F569306702A33A7CCD5',1,74.50,'CE01F15D435A4C51B0AD8202A318DCA7','Java编程思想（第4版）',74.50,'book_img/9317290-1_b.jpg','E8AE477323214E99AB48BA38052BE974'),('1B6B185D53AB44798EE74AE33439BB1A',2,67.60,'B7A7DA7A94E54054841EED1F70C3027C','锋利的jQuery(第2版)(畅销书升级版，增加jQuery Mobile和性能优化)',33.80,'book_img/22786088-1_b.jpg','96C6D91D916E472681EEC37B1770DE87'),('1B7EF38D9E3847FAA283108A4CF3753E',3,223.50,'CE01F15D435A4C51B0AD8202A318DCA7','Java编程思想（第4版）',74.50,'book_img/9317290-1_b.jpg','42AC5E1C71EC4A24B77580C26EC18821'),('1BF158F7D2E24DC3AE8AD4748A125F7F',1,41.30,'5C4A6F0F4A3B4672AD8C5F89BF5D37D2','Java从入门到精通（第3版）（附光盘1张）（连续8月Java类全国零售排行前2名，32小时视频，732个经典实例、369项面试真题、616项测试史上最全资源库）',41.30,'book_img/22862060-1_b.jpg','E106BFE7029C485D95A124C733BCC539'),('1CFC21FFC89F493CA78848D0B0318EE3',3,204.90,'5C68141786B84A4CB8929A2415040739','JavaScript高级程序设计(第3版)(JavaScript技术名著，国内JavasScript第一书，销量超过8万册)',68.30,'book_img/22628333-1_b.jpg','6F4318AEAE544F48A507BF64E8F72F42'),('1D529CD78B34458D96D03F9FB9E8DDC5',1,41.30,'5C4A6F0F4A3B4672AD8C5F89BF5D37D2','Java从入门到精通（第3版）（附光盘1张）（连续8月Java类全国零售排行前2名，32小时视频，732个经典实例、369项面试真题、616项测试史上最全资源库）',41.30,'book_img/22862060-1_b.jpg','EC3696A4C443494A9B8DD6E8A9B82072'),('1D5352893B8F421CAD3DCCA2623671CA',1,41.30,'5C4A6F0F4A3B4672AD8C5F89BF5D37D2','Java从入门到精通（第3版）（附光盘1张）（连续8月Java类全国零售排行前2名，32小时视频，732个经典实例、369项面试真题、616项测试史上最全资源库）',41.30,'book_img/22862060-1_b.jpg','0ADCEE0510844D2697E7A5C0903A8D3B'),('1D60D0C04B304E24AC26A5FEDC916E8A',6,492.60,'3DD187217BF44A99B86DD18A4DC628BA','Java核心技术 卷1 基础知识（原书第9版）',82.10,'book_img/23362142-1_b.jpg','0ED79750839A448EB6AB5DFEC1C71606'),('1F87CC32E7644848A84F5D0EAA8C9F47',4,131.60,'97437DAD03FA456AA7D6154614A43B55','HTML、CSS、JavaScript网页制作从入门到精通（两万读者的选择，经久不衰的超级畅销书最新升级版！网页制作学习者入门必读经典！）',32.90,'book_img/22928649-1_b.jpg','45F2A4A57F4A4E5ABB4D874E81B7A417'),('25B045CE88844BA6889E0CB233AF41EC',5,476.50,'48BBFBFC07074ADE8CC906A45BE5D9A6','JavaScript权威指南（第6版）（淘宝前端团队倾情翻译！经典权威的JavaScript犀牛书！第6版特别涵盖了HTML5和ECMAScript5！）（经典巨著，当当独家首发）',95.30,'book_img/22722790-1_b.jpg','CFD6F8D699F54BF28FE43112A88792E2'),('2659227EFA5C4FF49B4C9E0E5FF3CDAD',1,74.50,'CE01F15D435A4C51B0AD8202A318DCA7','Java编程思想（第4版）',74.50,'book_img/9317290-1_b.jpg','1D640078E4A64AC987FEA7299B57A2F6'),('26D125337FB146FD923620A8E7C87556',1,32.90,'97437DAD03FA456AA7D6154614A43B55','HTML、CSS、JavaScript网页制作从入门到精通（两万读者的选择，经久不衰的超级畅销书最新升级版！网页制作学习者入门必读经典！）',32.90,'book_img/22928649-1_b.jpg','E6EEEB39CECC4089BC65142BADCC4FC3'),('26FFD473E4654C27B59BDB404E3982C5',1,74.50,'CE01F15D435A4C51B0AD8202A318DCA7','Java编程思想（第4版）',74.50,'book_img/9317290-1_b.jpg','605B9D163C1345B6A636D80720794CE8'),('2754A72B64774B03A6FF5E08233D5445',1,95.30,'48BBFBFC07074ADE8CC906A45BE5D9A6','JavaScript权威指南（第6版）（淘宝前端团队倾情翻译！经典权威的JavaScript犀牛书！第6版特别涵盖了HTML5和ECMAScript5！）（经典巨著，当当独家首发）',95.30,'book_img/22722790-1_b.jpg','E891D2A05DA6485EB7E12436E8FB3107'),('28507AB640274D1E8A6BB77ACCA72C6B',1,74.50,'CE01F15D435A4C51B0AD8202A318DCA7','Java编程思想（第4版）',74.50,'book_img/9317290-1_b.jpg','9751509E85314E4995B595B602BEBF36'),('285F32EA770A4F9593537FEAC1B8705A',1,74.50,'CE01F15D435A4C51B0AD8202A318DCA7','Java编程思想（第4版）',74.50,'book_img/9317290-1_b.jpg','CBB735CB5F084C1BB80FF5998F811E63'),('2953F9C5BC6F4475AE3AD52B921B6875',1,41.30,'5C4A6F0F4A3B4672AD8C5F89BF5D37D2','Java从入门到精通（第3版）（附光盘1张）（连续8月Java类全国零售排行前2名，32小时视频，732个经典实例、369项面试真题、616项测试史上最全资源库）',41.30,'book_img/22862060-1_b.jpg','0FD72F77655D43E2B7989892E965864D'),('29E8A4EEA3914F16BE2287DC95AC14CD',1,74.50,'CE01F15D435A4C51B0AD8202A318DCA7','Java编程思想（第4版）',74.50,'book_img/9317290-1_b.jpg','15A89AB272394F359EA26A2E15F13405'),('2E3E86265EC34D8F9907F52044AE2DD2',1,47.40,'95AACC68D64D4D67B1E33E9EAC22B885','Head First Java（中文版）（JAVA经典畅销书 生动有趣 轻松学好JAVA）',47.40,'book_img/9265169-1_b.jpg','0FD72F77655D43E2B7989892E965864D'),('2E6F58F06D21467A81B1715D30F76B4E',3,204.90,'5C68141786B84A4CB8929A2415040739','JavaScript高级程序设计(第3版)(JavaScript技术名著，国内JavasScript第一书，销量超过8万册)',68.30,'book_img/22628333-1_b.jpg','FF5712C0E5144FF4B1032F4BA7FB4062'),('2EC79387485D42F699DFAC6CF2CFF26A',2,82.60,'5C4A6F0F4A3B4672AD8C5F89BF5D37D2','Java从入门到精通（第3版）（附光盘1张）（连续8月Java类全国零售排行前2名，32小时视频，732个经典实例、369项面试真题、616项测试史上最全资源库）',41.30,'book_img/22862060-1_b.jpg','E3A1EB6D0543489F9729B2B5BC5DB365'),('346BFB39E1524650A695DEAD8397F811',2,150.40,'1286B13F0EA54E4CB75434762121486A','Java核心技术 卷I：基础知识(第9版·英文版)(上、下册)',75.20,'book_img/23280479-1_b.jpg','FAC08EE0DF2C4487A6FA2B11B343307E'),('35B0B801D25845D8B76B61DD3CD5759A',1,41.30,'5C4A6F0F4A3B4672AD8C5F89BF5D37D2','Java从入门到精通（第3版）（附光盘1张）（连续8月Java类全国零售排行前2名，32小时视频，732个经典实例、369项面试真题、616项测试史上最全资源库）',41.30,'book_img/22862060-1_b.jpg','B62C7C1BA61C47C4BCEC4BE96897A72C'),('36AD5C3930CB42B59B1E3469B30BAB1F',4,218.00,'57B6FF1B89C843C38BA39C717FA557D6','了不起的Node.js: 将JavaScript进行到底（Web开发首选实时 跨多服务器 高并发）',54.50,'book_img/23368351-1_b.jpg','D6522118E32743FF83A7E5F67C1266DA'),('37D26DB2F215411E8BFB761D61769021',1,47.60,'AE0935F13A214436B8599DE285A86220','JavaScript基础教程(第8版)(经典JavaScript入门书 涵盖Ajax和jQuery)',47.60,'book_img/22717349-1_b.jpg','BE24BB4187B1472AA08E206BF8B0ABF7'),('38132C2B0A8E4A7499A4A00A2C68D342',1,32.90,'97437DAD03FA456AA7D6154614A43B55','HTML、CSS、JavaScript网页制作从入门到精通（两万读者的选择，经久不衰的超级畅销书最新升级版！网页制作学习者入门必读经典！）',32.90,'book_img/22928649-1_b.jpg','148668BE43754CE2B64A0AC999C5A2D5'),('38BD8D35D63D404D82B4015C2F74CA99',1,41.30,'5C4A6F0F4A3B4672AD8C5F89BF5D37D2','Java从入门到精通（第3版）（附光盘1张）（连续8月Java类全国零售排行前2名，32小时视频，732个经典实例、369项面试真题、616项测试史上最全资源库）',41.30,'book_img/22862060-1_b.jpg','7D99249DF39143EA95977C5C2FA7731E'),('3A8A8571635E4DC4B0BFDF39EBA80F55',1,74.50,'CE01F15D435A4C51B0AD8202A318DCA7','Java编程思想（第4版）',74.50,'book_img/9317290-1_b.jpg','18D2C99D248D4B79A6FD55BE71B85F5F'),('3C585F544A494041AE75375D1CE8F086',1,41.30,'5C4A6F0F4A3B4672AD8C5F89BF5D37D2','Java从入门到精通（第3版）（附光盘1张）（连续8月Java类全国零售排行前2名，32小时视频，732个经典实例、369项面试真题、616项测试史上最全资源库）',41.30,'book_img/22862060-1_b.jpg','A2DB4A7B4EA640ADA63F22A7E8311F4B'),('3DA0F5E8A5F34755A7254783B2A2C002',1,74.50,'CE01F15D435A4C51B0AD8202A318DCA7','Java编程思想（第4版）',74.50,'book_img/9317290-1_b.jpg','0FBC5F415EF94161AF2937A07EFD8DE8'),('420DB6B62B0543389F17E264B0A3C986',1,74.50,'CE01F15D435A4C51B0AD8202A318DCA7','Java编程思想（第4版）',74.50,'book_img/9317290-1_b.jpg','45F2A4A57F4A4E5ABB4D874E81B7A417'),('432364ED13F94DEA86DD667E4514A1F6',5,341.50,'5C68141786B84A4CB8929A2415040739','JavaScript高级程序设计(第3版)(JavaScript技术名著，国内JavasScript第一书，销量超过8万册)',68.30,'book_img/22628333-1_b.jpg','0081389BB6C74E97A0248D378A230B0C'),('4334A77543274AD2A5E8F8FA6ECACC46',3,123.90,'5C4A6F0F4A3B4672AD8C5F89BF5D37D2','Java从入门到精通（第3版）（附光盘1张）（连续8月Java类全国零售排行前2名，32小时视频，732个经典实例、369项面试真题、616项测试史上最全资源库）',41.30,'book_img/22862060-1_b.jpg','42AC5E1C71EC4A24B77580C26EC18821'),('44AF075EF3BD4DBEB55C23C1930CB3B7',1,32.90,'97437DAD03FA456AA7D6154614A43B55','HTML、CSS、JavaScript网页制作从入门到精通（两万读者的选择，经久不衰的超级畅销书最新升级版！网页制作学习者入门必读经典！）',32.90,'book_img/22928649-1_b.jpg','5FB1E131DD294CBBA34FE93228DF2F02'),('4A53FDF198474C16A0D4028CC9C1532B',1,41.30,'5C4A6F0F4A3B4672AD8C5F89BF5D37D2','Java从入门到精通（第3版）（附光盘1张）（连续8月Java类全国零售排行前2名，32小时视频，732个经典实例、369项面试真题、616项测试史上最全资源库）',41.30,'book_img/22862060-1_b.jpg','674878FE6CAB48918DB4A9688262FBD5'),('4ABE8B2691F84258AE4B79EF14068920',1,74.50,'CE01F15D435A4C51B0AD8202A318DCA7','Java编程思想（第4版）',74.50,'book_img/9317290-1_b.jpg','C4A1E40F2F514684BCD97F9EE76A701F'),('4AD70581ED09443DBE176C341D7B51BA',1,74.50,'CE01F15D435A4C51B0AD8202A318DCA7','Java编程思想（第4版）',74.50,'book_img/9317290-1_b.jpg','93576BB2F43C47F89B4DD7B91F5DF5E3'),('4F8776C84CF241AF9C4FB5BF8282E870',1,74.50,'CE01F15D435A4C51B0AD8202A318DCA7','Java编程思想（第4版）',74.50,'book_img/9317290-1_b.jpg','5D39377E88E049F8BA19173BAFF295CB'),('50C4D3F0F28A4648BF89BD18C7931B60',1,95.30,'48BBFBFC07074ADE8CC906A45BE5D9A6','JavaScript权威指南（第6版）（淘宝前端团队倾情翻译！经典权威的JavaScript犀牛书！第6版特别涵盖了HTML5和ECMAScript5！）（经典巨著，当当独家首发）',95.30,'book_img/22722790-1_b.jpg','058F48DA33694C6D8F5C2C13F3D26CEA'),('59C13A2A03C448098F20E5DC07B6D1D9',1,41.30,'5C4A6F0F4A3B4672AD8C5F89BF5D37D2','Java从入门到精通（第3版）（附光盘1张）（连续8月Java类全国零售排行前2名，32小时视频，732个经典实例、369项面试真题、616项测试史上最全资源库）',41.30,'book_img/22862060-1_b.jpg','6504C742FE65413494E028E714D4D609'),('5AD3850D25D143C6B54FBD84890A15EB',1,41.30,'5C4A6F0F4A3B4672AD8C5F89BF5D37D2','Java从入门到精通（第3版）（附光盘1张）（连续8月Java类全国零售排行前2名，32小时视频，732个经典实例、369项面试真题、616项测试史上最全资源库）',41.30,'book_img/22862060-1_b.jpg','148668BE43754CE2B64A0AC999C5A2D5'),('5B17BD28CDAA4E4F98C5AAC48BCEB7BB',1,82.10,'3DD187217BF44A99B86DD18A4DC628BA','Java核心技术 卷1 基础知识（原书第9版）',82.10,'book_img/23362142-1_b.jpg','303E12F4821A4B3F9DB97B23947220C7'),('5DADDF8045D7408DA4C9AAD9694AF5BF',1,74.50,'CE01F15D435A4C51B0AD8202A318DCA7','Java编程思想（第4版）',74.50,'book_img/9317290-1_b.jpg','2D9FF0BFB82842CFAA4B623D5997BF1F'),('5DF78D39DA9947048EED4F38DE027CEB',1,74.50,'CE01F15D435A4C51B0AD8202A318DCA7','Java编程思想（第4版）',74.50,'book_img/9317290-1_b.jpg','9721A3FBC37D490588AEE02F761744E2'),('5F6DAEB9C7E64DAB890320C0255B0242',1,41.30,'5C4A6F0F4A3B4672AD8C5F89BF5D37D2','Java从入门到精通（第3版）（附光盘1张）（连续8月Java类全国零售排行前2名，32小时视频，732个经典实例、369项面试真题、616项测试史上最全资源库）',41.30,'book_img/22862060-1_b.jpg','0CA1A9B0287C43B2AA9435F11F237E9B'),('65CFB83DF1CC4052B0D6657D2B444188',1,95.30,'48BBFBFC07074ADE8CC906A45BE5D9A6','JavaScript权威指南（第6版）（淘宝前端团队倾情翻译！经典权威的JavaScript犀牛书！第6版特别涵盖了HTML5和ECMAScript5！）（经典巨著，当当独家首发）',95.30,'book_img/22722790-1_b.jpg','B69C6849120D4B28A6CCF99351B88575'),('6AA0921C532E4E1EAF73DE733CD708A8',1,74.50,'CE01F15D435A4C51B0AD8202A318DCA7','Java编程思想（第4版）',74.50,'book_img/9317290-1_b.jpg','8694BC7EAE57459AA06CD543FC63D42F'),('6DF0E37BC815470AB0D2F45D95366740',1,95.30,'48BBFBFC07074ADE8CC906A45BE5D9A6','JavaScript权威指南（第6版）（淘宝前端团队倾情翻译！经典权威的JavaScript犀牛书！第6版特别涵盖了HTML5和ECMAScript5！）（经典巨著，当当独家首发）',95.30,'book_img/22722790-1_b.jpg','B60BF343B1C6490F88A9B8D218C61A81'),('6F4239EBB3D84A29911AEF08B16C4B78',1,41.30,'5C4A6F0F4A3B4672AD8C5F89BF5D37D2','Java从入门到精通（第3版）（附光盘1张）（连续8月Java类全国零售排行前2名，32小时视频，732个经典实例、369项面试真题、616项测试史上最全资源库）',41.30,'book_img/22862060-1_b.jpg','0A1F4C5BDE754277B984D1E7E763051D'),('72EA834FBF6F4FD3B43D4586B7E5B2E4',1,74.50,'CE01F15D435A4C51B0AD8202A318DCA7','Java编程思想（第4版）',74.50,'book_img/9317290-1_b.jpg','BB7789E41C524030832B7E5E426633E7'),('7765A728F2E5448BA00C6A6BA3F05F33',4,273.20,'676B56A612AF4E968CF0F6FFE289269D','JavaScript和jQuery实战手册（原书第2版）',68.30,'book_img/23201813-1_b.jpg','85998DE4ACFB4BF3A6DACFEE0D869F15'),('79A5CCB6ED5E4ABBA2ADCD9E93103302',1,41.30,'5C4A6F0F4A3B4672AD8C5F89BF5D37D2','Java从入门到精通（第3版）（附光盘1张）（连续8月Java类全国零售排行前2名，32小时视频，732个经典实例、369项面试真题、616项测试史上最全资源库）',41.30,'book_img/22862060-1_b.jpg','32739173C1E247558358B1A8FE9FE012'),('815EB5B0563B40099F5A60E9C1152674',3,182.10,'FC232CD9B6E6411BBBB1A5B781D2C3C9','Java与模式(含盘)（超多实例和习题，详解设计原则与设计模式）',60.70,'book_img/696673-1_b.jpg','CAF94AFF83E74F3499102CB3774B39BB'),('837FD00781B54F728C33BF227A57C68D',1,95.30,'48BBFBFC07074ADE8CC906A45BE5D9A6','JavaScript权威指南（第6版）（淘宝前端团队倾情翻译！经典权威的JavaScript犀牛书！第6版特别涵盖了HTML5和ECMAScript5！）（经典巨著，当当独家首发）',95.30,'book_img/22722790-1_b.jpg','9751509E85314E4995B595B602BEBF36'),('83C053FBB2B0479F86F8194AD9BB5411',1,74.50,'CE01F15D435A4C51B0AD8202A318DCA7','Java编程思想（第4版）',74.50,'book_img/9317290-1_b.jpg','7237A47B1B5B4A78822D662AE01671B6'),('85DA1674B58C450291901E923B13B53C',1,41.30,'5C4A6F0F4A3B4672AD8C5F89BF5D37D2','Java从入门到精通（第3版）（附光盘1张）（连续8月Java类全国零售排行前2名，32小时视频，732个经典实例、369项面试真题、616项测试史上最全资源库）',41.30,'book_img/22862060-1_b.jpg','DD5135AEDA2E464BAF52DEC4727E2A3D'),('87BE2F926AF5401595CECDF656752E96',1,41.30,'5C4A6F0F4A3B4672AD8C5F89BF5D37D2','Java从入门到精通（第3版）（附光盘1张）（连续8月Java类全国零售排行前2名，32小时视频，732个经典实例、369项面试真题、616项测试史上最全资源库）',41.30,'book_img/22862060-1_b.jpg','0CD9939DC9AE4DA2A12F772293F55A4B'),('882D2D4A06B645AC9DE56B60622EC4E8',1,82.10,'3DD187217BF44A99B86DD18A4DC628BA','Java核心技术 卷1 基础知识（原书第9版）',82.10,'book_img/23362142-1_b.jpg','553AFF48D76A48AD89ED3FE8F7E2F587'),('8836F108568548DEBE932E05188B9082',1,32.90,'97437DAD03FA456AA7D6154614A43B55','HTML、CSS、JavaScript网页制作从入门到精通（两万读者的选择，经久不衰的超级畅销书最新升级版！网页制作学习者入门必读经典！）',32.90,'book_img/22928649-1_b.jpg','26D8AD0250F442A5BF5C4D7DCC71D683'),('888833898FA24786BCEE7470D1FCCFD5',4,300.80,'E4F184188C8B4C7BB32D4E76603426AC','疯狂Java讲义（第2版，附光盘）',75.20,'book_img/22588603-1_b.jpg','0081389BB6C74E97A0248D378A230B0C'),('8BEA49FAE0924D05BD5903325BFB4E0A',1,41.30,'5C4A6F0F4A3B4672AD8C5F89BF5D37D2','Java从入门到精通（第3版）（附光盘1张）（连续8月Java类全国零售排行前2名，32小时视频，732个经典实例、369项面试真题、616项测试史上最全资源库）',41.30,'book_img/22862060-1_b.jpg','CE537015382640E1AE15B9A8FD08B9EE'),('8C75EAC8C39845FE8D7540F208D31F86',1,32.90,'97437DAD03FA456AA7D6154614A43B55','HTML、CSS、JavaScript网页制作从入门到精通（两万读者的选择，经久不衰的超级畅销书最新升级版！网页制作学习者入门必读经典！）',32.90,'book_img/22928649-1_b.jpg','A2DB4A7B4EA640ADA63F22A7E8311F4B'),('912358C883E441D9A568E1884CEC9F35',2,190.60,'48BBFBFC07074ADE8CC906A45BE5D9A6','JavaScript权威指南（第6版）（淘宝前端团队倾情翻译！经典权威的JavaScript犀牛书！第6版特别涵盖了HTML5和ECMAScript5！）（经典巨著，当当独家首发）',95.30,'book_img/22722790-1_b.jpg','CAF94AFF83E74F3499102CB3774B39BB'),('914175F8FB55422BB407DD0AC9DB3D63',1,41.30,'5C4A6F0F4A3B4672AD8C5F89BF5D37D2','Java从入门到精通（第3版）（附光盘1张）（连续8月Java类全国零售排行前2名，32小时视频，732个经典实例、369项面试真题、616项测试史上最全资源库）',41.30,'book_img/22862060-1_b.jpg','F64FD5E198BB4114AB091034C5C6D8B7'),('93069308B4C04E16A9D1EE7B8EFEEBA6',1,41.30,'5C4A6F0F4A3B4672AD8C5F89BF5D37D2','Java从入门到精通（第3版）（附光盘1张）（连续8月Java类全国零售排行前2名，32小时视频，732个经典实例、369项面试真题、616项测试史上最全资源库）',41.30,'book_img/22862060-1_b.jpg','57856B1A295B437CA0F7991540897B47'),('942BE069B7B345BAA5D4FE19E2D87C12',2,65.80,'97437DAD03FA456AA7D6154614A43B55','HTML、CSS、JavaScript网页制作从入门到精通（两万读者的选择，经久不衰的超级畅销书最新升级版！网页制作学习者入门必读经典！）',32.90,'book_img/22928649-1_b.jpg','B69C6849120D4B28A6CCF99351B88575'),('9979731BC91D43B690E8ECD51DCC0F77',1,41.30,'5C4A6F0F4A3B4672AD8C5F89BF5D37D2','Java从入门到精通（第3版）（附光盘1张）（连续8月Java类全国零售排行前2名，32小时视频，732个经典实例、369项面试真题、616项测试史上最全资源库）',41.30,'book_img/22862060-1_b.jpg','7237A47B1B5B4A78822D662AE01671B6'),('9B48CAF586EC42BFA7123FE86CF9A62D',5,376.00,'E4F184188C8B4C7BB32D4E76603426AC','疯狂Java讲义（第2版，附光盘）',75.20,'book_img/22588603-1_b.jpg','FE1F85BE1DBE420CBAD9C3FB2215456A'),('9B639B09C5ED4FC8825AF683B816A5E4',5,272.50,'57B6FF1B89C843C38BA39C717FA557D6','了不起的Node.js: 将JavaScript进行到底（Web开发首选实时 跨多服务器 高并发）',54.50,'book_img/23368351-1_b.jpg','6F4318AEAE544F48A507BF64E8F72F42'),('9C6DE8585579400B8F91311FE472FF30',1,74.50,'CE01F15D435A4C51B0AD8202A318DCA7','Java编程思想（第4版）',74.50,'book_img/9317290-1_b.jpg','4B49D55D2CD34DB480A2CDF1A78858E8'),('9CC5C541D4DF4C209EED96F8D62233EF',1,74.50,'CE01F15D435A4C51B0AD8202A318DCA7','Java编程思想（第4版）',74.50,'book_img/9317290-1_b.jpg','33D163070CE74936966AE177F3E09B20'),('9E1D7EF000E440608281DE20DADB2AD9',1,74.50,'CE01F15D435A4C51B0AD8202A318DCA7','Java编程思想（第4版）',74.50,'book_img/9317290-1_b.jpg','1AFEC52D72C74266A6E36F83F9910B4F'),('A00770D667394EAD9DC8599FA025046C',1,68.30,'8E16D59BA4C34374A68029AE877613C4','轻量级Java EE企业应用实战（第3版）：Struts 2＋Spring 3＋Hibernate整合开发(含CD光盘1张)',68.30,'book_img/22685703-1_b.jpg','EE1F00D88FDC44BD966AF05C1F7FABE0'),('A12B5835A2AA416491E59A1F470B03DF',1,95.30,'48BBFBFC07074ADE8CC906A45BE5D9A6','JavaScript权威指南（第6版）（淘宝前端团队倾情翻译！经典权威的JavaScript犀牛书！第6版特别涵盖了HTML5和ECMAScript5！）（经典巨著，当当独家首发）',95.30,'book_img/22722790-1_b.jpg','5668668DAB1F4406819D37881BC5D5B1'),('A1B92291128A4158A21A311429E20EC0',1,33.80,'B7A7DA7A94E54054841EED1F70C3027C','锋利的jQuery(第2版)(畅销书升级版，增加jQuery Mobile和性能优化)',33.80,'book_img/22786088-1_b.jpg','45F2A4A57F4A4E5ABB4D874E81B7A417'),('A2186175D4A14336A15E9FEF68E2D779',3,202.80,'D2ABA8B06C524632846F27C34568F3CE','Java 经典实例',67.60,'book_img/20500255-1_b.jpg','7D99249DF39143EA95977C5C2FA7731E'),('A4938F10E31243FCBEDDBF762F887F12',1,41.30,'5C4A6F0F4A3B4672AD8C5F89BF5D37D2','Java从入门到精通（第3版）（附光盘1张）（连续8月Java类全国零售排行前2名，32小时视频，732个经典实例、369项面试真题、616项测试史上最全资源库）',41.30,'book_img/22862060-1_b.jpg','C6F8379F9E3E4F8381763B54E5BF986C'),('A5CA013362854C7FBF1267670DDA659A',3,204.90,'5C68141786B84A4CB8929A2415040739','JavaScript高级程序设计(第3版)(JavaScript技术名著，国内JavasScript第一书，销量超过8万册)',68.30,'book_img/22628333-1_b.jpg','B69C6849120D4B28A6CCF99351B88575'),('A92A90637CAD41D3BAB6CBFE31F5B099',2,150.40,'E4F184188C8B4C7BB32D4E76603426AC','疯狂Java讲义（第2版，附光盘）',75.20,'book_img/22588603-1_b.jpg','B94718AFB53B41DE8C8CD9C71C82401E'),('A997875748344933AA3371BA5F280B95',1,74.50,'CE01F15D435A4C51B0AD8202A318DCA7','Java编程思想（第4版）',74.50,'book_img/9317290-1_b.jpg','148668BE43754CE2B64A0AC999C5A2D5'),('AA10E8BEFD744C2DBCDC7E85C11044C4',1,74.50,'CE01F15D435A4C51B0AD8202A318DCA7','Java编程思想（第4版）',74.50,'book_img/9317290-1_b.jpg','EA4DC50E547149E3A48B14E6711DF1BD'),('AA2BC081EBFE40D889671C95A8B63A66',1,40.70,'4A9574F03A6B40C1B2A437237C17DEEC','Spring实战(第3版)（In Action系列中最畅销的Spring图书，近十万读者学习Spring的共同选择）',40.70,'book_img/23254532-1_b.jpg','E6EEEB39CECC4089BC65142BADCC4FC3'),('AD524B810A074BED9AFAFB5283F952E2',5,164.50,'97437DAD03FA456AA7D6154614A43B55','HTML、CSS、JavaScript网页制作从入门到精通（两万读者的选择，经久不衰的超级畅销书最新升级版！网页制作学习者入门必读经典！）',32.90,'book_img/22928649-1_b.jpg','930EDDA6AA644A68A7562846C5FC4DE3'),('B57029A4B38C48619E951EA3AAA62B5D',1,67.60,'0EE8A0AE69154287A378FB110FF2C780','Java核心技术：卷Ⅰ基础知识（原书第8版）',67.60,'book_img/20285763-1_b.jpg','E891D2A05DA6485EB7E12436E8FB3107'),('B84D2218F26A46A5A4407C2BA596BB38',3,204.90,'8E16D59BA4C34374A68029AE877613C4','轻量级Java EE企业应用实战（第3版）：Struts 2＋Spring 3＋Hibernate整合开发(含CD光盘1张)',68.30,'book_img/22685703-1_b.jpg','930EDDA6AA644A68A7562846C5FC4DE3'),('B93CD7AC6B3C4044AE8186279C33803B',1,26.90,'BD1CB005E4A04DCA881DA8689E21D4D0','jQuery UI开发指南',26.90,'book_img/22910975-1_b.jpg','553AFF48D76A48AD89ED3FE8F7E2F587'),('BDF49F9327B44971BE6BA1C962C76882',2,136.60,'8E16D59BA4C34374A68029AE877613C4','轻量级Java EE企业应用实战（第3版）：Struts 2＋Spring 3＋Hibernate整合开发(含CD光盘1张)',68.30,'book_img/22685703-1_b.jpg','85998DE4ACFB4BF3A6DACFEE0D869F15'),('C01A7D87FC924BAD8D3A4255BE415D14',1,41.30,'5C4A6F0F4A3B4672AD8C5F89BF5D37D2','Java从入门到精通（第3版）（附光盘1张）（连续8月Java类全国零售排行前2名，32小时视频，732个经典实例、369项面试真题、616项测试史上最全资源库）',41.30,'book_img/22862060-1_b.jpg','7858221EA1DF4B318A632A9C1CD3E1F7'),('C08547828C9445648F049ABC6127768D',1,32.90,'97437DAD03FA456AA7D6154614A43B55','HTML、CSS、JavaScript网页制作从入门到精通（两万读者的选择，经久不衰的超级畅销书最新升级版！网页制作学习者入门必读经典！）',32.90,'book_img/22928649-1_b.jpg','E3A1EB6D0543489F9729B2B5BC5DB365'),('C2DC9CDECD724065A6ABE92C693B4F75',1,41.30,'5C4A6F0F4A3B4672AD8C5F89BF5D37D2','Java从入门到精通（第3版）（附光盘1张）（连续8月Java类全国零售排行前2名，32小时视频，732个经典实例、369项面试真题、616项测试史上最全资源库）',41.30,'book_img/22862060-1_b.jpg','ECB47FBA81F64751B7AC89CCB8DDFD09'),('C3575A8B7DED44B3937237DD6795FD46',1,41.30,'5C4A6F0F4A3B4672AD8C5F89BF5D37D2','Java从入门到精通（第3版）（附光盘1张）（连续8月Java类全国零售排行前2名，32小时视频，732个经典实例、369项面试真题、616项测试史上最全资源库）',41.30,'book_img/22862060-1_b.jpg','6C921E50C3E54EA0AFD8CC4B661963AD'),('C3BDE3E9E6CD48F6B0DDDB4720106689',1,74.50,'CE01F15D435A4C51B0AD8202A318DCA7','Java编程思想（第4版）',74.50,'book_img/9317290-1_b.jpg','3143492834294128ADCFD1DAC3530396'),('C4AAAA396A654E89BA3DEE3F7C9CCD3F',1,74.50,'CE01F15D435A4C51B0AD8202A318DCA7','Java编程思想（第4版）',74.50,'book_img/9317290-1_b.jpg','26D8AD0250F442A5BF5C4D7DCC71D683'),('C4B479673E0E454580A3B47747B954E7',1,41.30,'5C4A6F0F4A3B4672AD8C5F89BF5D37D2','Java从入门到精通（第3版）（附光盘1张）（连续8月Java类全国零售排行前2名，32小时视频，732个经典实例、369项面试真题、616项测试史上最全资源库）',41.30,'book_img/22862060-1_b.jpg','5FB1E131DD294CBBA34FE93228DF2F02'),('C588A712ADFD4D8282A328E49CBD01FB',1,32.90,'97437DAD03FA456AA7D6154614A43B55','HTML、CSS、JavaScript网页制作从入门到精通（两万读者的选择，经久不衰的超级畅销书最新升级版！网页制作学习者入门必读经典！）',32.90,'book_img/22928649-1_b.jpg','BDB995AF80D34716ABB9D10CB6962F87'),('C665B5FF159C48B9A09FB9482D1DA6AF',3,161.40,'4E44405DAFB7413E8A13BBFFBEE73AC7','JavaScript经典实例',53.80,'book_img/22692811-1_b.jpg','85998DE4ACFB4BF3A6DACFEE0D869F15'),('C7314E6F1ADA49A1A40E549640C757E9',3,98.70,'97437DAD03FA456AA7D6154614A43B55','HTML、CSS、JavaScript网页制作从入门到精通（两万读者的选择，经久不衰的超级畅销书最新升级版！网页制作学习者入门必读经典！）',32.90,'book_img/22928649-1_b.jpg','CC35A3A7D5FA4775A9AD279DC3AB9D5D'),('CA8CEF8D4C5647748A96A3684663B70E',1,74.50,'CE01F15D435A4C51B0AD8202A318DCA7','Java编程思想（第4版）',74.50,'book_img/9317290-1_b.jpg','065056EFA3914273B6B266A2414A38FA'),('CC32FD2E4A4F42EF9708D001791DBB17',4,381.20,'48BBFBFC07074ADE8CC906A45BE5D9A6','JavaScript权威指南（第6版）（淘宝前端团队倾情翻译！经典权威的JavaScript犀牛书！第6版特别涵盖了HTML5和ECMAScript5！）（经典巨著，当当独家首发）',95.30,'book_img/22722790-1_b.jpg','CC35A3A7D5FA4775A9AD279DC3AB9D5D'),('D544F15EEE69445B9BD10FF04253896E',1,41.30,'5C4A6F0F4A3B4672AD8C5F89BF5D37D2','Java从入门到精通（第3版）（附光盘1张）（连续8月Java类全国零售排行前2名，32小时视频，732个经典实例、369项面试真题、616项测试史上最全资源库）',41.30,'book_img/22862060-1_b.jpg','9E1C0A9FDF1F49B18FA0BFA33E132BDD'),('D7D546DB926B4FA9805524752279F923',1,33.80,'9923901FBF124623BC707920D8936BC8','JavaScript DOM编程艺术(第2版)',33.80,'book_img/21049601-1_b.jpg','8BB662E4C0444BC88F1DBE82584595BC'),('E1FDF0B54C4741639C5A9E33A0923177',1,33.80,'B7A7DA7A94E54054841EED1F70C3027C','锋利的jQuery(第2版)(畅销书升级版，增加jQuery Mobile和性能优化)',33.80,'book_img/22786088-1_b.jpg','BD1BD9AB58B1413FA0BDC0AACCC8C65F'),('E35724F886094E5AB2076A690EC28917',1,68.30,'8E16D59BA4C34374A68029AE877613C4','轻量级Java EE企业应用实战（第3版）：Struts 2＋Spring 3＋Hibernate整合开发(含CD光盘1张)',68.30,'book_img/22685703-1_b.jpg','59A15DD3A0704508B1C2BC9B682A329F'),('E3EF277FBBEB4AB4B5FB0AB187C9E635',1,74.50,'CE01F15D435A4C51B0AD8202A318DCA7','Java编程思想（第4版）',74.50,'book_img/9317290-1_b.jpg','EDC9F39D490E424BA799E7BD4BED9D09'),('ED5722353C0A4F15A11B28A5A9B2745A',1,41.30,'5C4A6F0F4A3B4672AD8C5F89BF5D37D2','Java从入门到精通（第3版）（附光盘1张）（连续8月Java类全国零售排行前2名，32小时视频，732个经典实例、369项面试真题、616项测试史上最全资源库）',41.30,'book_img/22862060-1_b.jpg','57197A448F9A4F15B76B1ED1EB3A15E6'),('EE61A6CCC02148F68DF99293F2EEE88F',1,68.30,'5C68141786B84A4CB8929A2415040739','JavaScript高级程序设计(第3版)(JavaScript技术名著，国内JavasScript第一书，销量超过8万册)',68.30,'book_img/22628333-1_b.jpg','673170D78D9D4EE6AE083167CFB81C1A'),('EFCAF77235D94975A095027562F643C5',1,41.30,'5C4A6F0F4A3B4672AD8C5F89BF5D37D2','Java从入门到精通（第3版）（附光盘1张）（连续8月Java类全国零售排行前2名，32小时视频，732个经典实例、369项面试真题、616项测试史上最全资源库）',41.30,'book_img/22862060-1_b.jpg','BB7789E41C524030832B7E5E426633E7'),('F1C3FC9D6AAE406ABA251689B8ACC291',1,41.30,'5C4A6F0F4A3B4672AD8C5F89BF5D37D2','Java从入门到精通（第3版）（附光盘1张）（连续8月Java类全国零售排行前2名，32小时视频，732个经典实例、369项面试真题、616项测试史上最全资源库）',41.30,'book_img/22862060-1_b.jpg','C34F025EF6BB4B88A8409B00A0ABC891'),('F49964DAE525431C94ED66D96E053301',2,149.00,'CE01F15D435A4C51B0AD8202A318DCA7','Java编程思想（第4版）',74.50,'book_img/9317290-1_b.jpg','FAC08EE0DF2C4487A6FA2B11B343307E'),('F7074572D71A454097B9019B7D5897FA',1,41.30,'5C4A6F0F4A3B4672AD8C5F89BF5D37D2','Java从入门到精通（第3版）（附光盘1张）（连续8月Java类全国零售排行前2名，32小时视频，732个经典实例、369项面试真题、616项测试史上最全资源库）',41.30,'book_img/22862060-1_b.jpg','161A05BEBBAA468199131EAD175CCFEA'),('F84DB5D9AD0441FE81A52DCCCAC0EEA1',1,41.30,'5C4A6F0F4A3B4672AD8C5F89BF5D37D2','Java从入门到精通（第3版）（附光盘1张）（连续8月Java类全国零售排行前2名，32小时视频，732个经典实例、369项面试真题、616项测试史上最全资源库）',41.30,'book_img/22862060-1_b.jpg','2AFD7DC9619548BA8727464D77AFB9C2'),('F9AD99717BDF4DD481FF35CC2A11B2D3',1,41.30,'5C4A6F0F4A3B4672AD8C5F89BF5D37D2','Java从入门到精通（第3版）（附光盘1张）（连续8月Java类全国零售排行前2名，32小时视频，732个经典实例、369项面试真题、616项测试史上最全资源库）',41.30,'book_img/22862060-1_b.jpg','0B657B624D8D4B919B7E5F175AA90530'),('FBA39DB6CA63434B988D5329F029B2BB',2,149.00,'CE01F15D435A4C51B0AD8202A318DCA7','Java编程思想（第4版）',74.50,'book_img/9317290-1_b.jpg','75B7D65D4F5A43CD83605FDE38D7E10C'),('FBC88A01EE934A92BB83F8865CF44457',1,74.50,'CE01F15D435A4C51B0AD8202A318DCA7','Java编程思想（第4版）',74.50,'book_img/9317290-1_b.jpg','49127E9642C5474FA8F2139204DE571C'),('FCE400D3D2B945A1B90D1E46C531B639',4,162.80,'4A9574F03A6B40C1B2A437237C17DEEC','Spring实战(第3版)（In Action系列中最畅销的Spring图书，近十万读者学习Spring的共同选择）',40.70,'book_img/23254532-1_b.jpg','18D2C99D248D4B79A6FD55BE71B85F5F'),('FD7BEFEEA73640D4A11256C5F16B1047',1,95.30,'48BBFBFC07074ADE8CC906A45BE5D9A6','JavaScript权威指南（第6版）（淘宝前端团队倾情翻译！经典权威的JavaScript犀牛书！第6版特别涵盖了HTML5和ECMAScript5！）（经典巨著，当当独家首发）',95.30,'book_img/22722790-1_b.jpg','7BBAA174C4F94E1291444A8F55DD8B1A'),('FFB980C9F3844E9085A134EC339F0979',1,74.50,'CE01F15D435A4C51B0AD8202A318DCA7','Java编程思想（第4版）',74.50,'book_img/9317290-1_b.jpg','A2DB4A7B4EA640ADA63F22A7E8311F4B');
/*!40000 ALTER TABLE `t_orderitem` ENABLE KEYS */;
UNLOCK TABLES;

--
-- Table structure for table `t_user`
--

DROP TABLE IF EXISTS `t_user`;
/*!40101 SET @saved_cs_client     = @@character_set_client */;
/*!40101 SET character_set_client = utf8 */;
CREATE TABLE `t_user` (
  `uid` char(32) NOT NULL,
  `loginname` varchar(50) DEFAULT NULL,
  `loginpass` varchar(50) DEFAULT NULL,
  `email` varchar(50) DEFAULT NULL,
  `status` tinyint(1) DEFAULT NULL,
  `activationCode` char(64) DEFAULT NULL,
  PRIMARY KEY (`uid`),
  UNIQUE KEY `loginname` (`loginname`)
) ENGINE=InnoDB DEFAULT CHARSET=utf8;
/*!40101 SET character_set_client = @saved_cs_client */;

--
-- Dumping data for table `t_user`
--

LOCK TABLES `t_user` WRITE;
/*!40000 ALTER TABLE `t_user` DISABLE KEYS */;
INSERT INTO `t_user` VALUES ('32DB3700D2564254982BC58B0E4D95BC','lisi','123','itcast_cxf@126.com',1,'15682E9C4D2849E2AB5D8AFF55D2F7BA87126B0EF55A45C6A136E3CAA90D60F2'),('4DE7E4D829A54D4FAB150B7451407198','def','def','itcast_cxf@soh.com',0,'D00FAA82457748FF8C1B912042E615B39F3602053E154181B98CDD48D9ECFC96'),('531D8A16D524478D86F8A115FE95D93F','zhangsan','123','itcast_cxf@163.com',1,'FCF142D04C4A420992FF4E7BAC92C1E58AF905F1A46B4818BB455BD925E52DDD'),('55790D9C1A1845738E6D93866A148C7E','wangwu','123','itcast_cxf@sina.com',1,'659903B3D5FF4576B82425A593962DFE64B6137EBE934AE5AE19F614E71F4549'),('6BBB0EF00E66450F80245E820A9640B6','zhaoliu','123','hahaha@qq.com',1,'70B08C7F83C2461A91D26AD80266AA77820DF4CF28D74C6B9CD49C500C09CEBD'),('9CC972DFA2D4481F89841A46FD1B3E7B','abc','abc','itcast_cxf@qq.com',0,'D7CEB3DE44364749A4807D98F8B2F63017FDFED9FFC842B6BBC64E20698FED5F'),('B50ADE921BF14F6EB5331777B1874763','aabb','aaa','abc@abc.cn',0,'10032D0DFD2B49DC98CA9739F929656B6819FA1C10EC44F8A95206D0C3D62094'),('x','刘备','123','liuBei@163.com',1,'x'),('xx','关羽','123','guanYu@163.com',1,'xx'),('xxx','张三','123','zhangFei@163.com',1,'xxx'),('xxxx','赵云','123','zhaoYun@163.com',1,'xxxx');
/*!40000 ALTER TABLE `t_user` ENABLE KEYS */;
UNLOCK TABLES;
/*!40103 SET TIME_ZONE=@OLD_TIME_ZONE */;

/*!40101 SET SQL_MODE=@OLD_SQL_MODE */;
/*!40014 SET FOREIGN_KEY_CHECKS=@OLD_FOREIGN_KEY_CHECKS */;
/*!40014 SET UNIQUE_CHECKS=@OLD_UNIQUE_CHECKS */;
/*!40101 SET CHARACTER_SET_CLIENT=@OLD_CHARACTER_SET_CLIENT */;
/*!40101 SET CHARACTER_SET_RESULTS=@OLD_CHARACTER_SET_RESULTS */;
/*!40101 SET COLLATION_CONNECTION=@OLD_COLLATION_CONNECTION */;
/*!40111 SET SQL_NOTES=@OLD_SQL_NOTES */;

-- Dump completed on 2015-06-16  3:58:33
